表層形, 品詞, 品詞細分類1, 品詞細分類2, 品詞細分類3, 活用型, 活用形, 原形, 読み, 発音
二,名詞,数,*,*,*,*,二,ニ,ニ
人,名詞,接尾,助数詞,*,*,*,人,ニン,ニン
の,助詞,連体化,*,*,*,*,の,ノ,ノ
若い,形容詞,自立,*,*,形容詞・アウオ段,基本形,若い,ワカイ,ワカイ
紳士,名詞,一般,*,*,*,*,紳士,シンシ,シンシ
が,助詞,格助詞,一般,*,*,*,が,ガ,ガ
、,記号,読点,*,*,*,*,、,、,、
す,名詞,一般,*,*,*,*,す,ス,ス
つかり,動詞,自立,*,*,五段・ラ行,連用形,つかる,ツカリ,ツカリ
イギリス,名詞,固有名詞,地域,国,*,*,イギリス,イギリス,イギリス
の,助詞,連体化,*,*,*,*,の,ノ,ノ
兵隊,名詞,一般,*,*,*,*,兵隊,ヘイタイ,ヘイタイ
の,助詞,連体化,*,*,*,*,の,ノ,ノ
かたち,名詞,一般,*,*,*,*,かたち,カタチ,カタチ
を,助詞,格助詞,一般,*,*,*,を,ヲ,ヲ
し,動詞,自立,*,*,サ変・スル,連用形,する,シ,シ
て,助詞,接続助詞,*,*,*,*,て,テ,テ
、,記号,読点,*,*,*,*,、,、,、
ぴか,名詞,一般,*,*,*,*,ぴか,*,*
／,記号,一般,*,*,*,*,／,／,／
＼,記号,一般,*,*,*,*,＼,＼,＼
する,動詞,自立,*,*,サ変・スル,基本形,する,スル,スル
鉄砲,名詞,一般,*,*,*,*,鉄砲,テッポウ,テッポー
を,助詞,格助詞,一般,*,*,*,を,ヲ,ヲ
かつい,動詞,自立,*,*,五段・ガ行,連用タ接続,かつぐ,カツイ,カツイ
で,助詞,接続助詞,*,*,*,*,で,デ,デ
、,記号,読点,*,*,*,*,、,、,、
白熊,名詞,一般,*,*,*,*,白熊,シロクマ,シロクマ
の,助詞,連体化,*,*,*,*,の,ノ,ノ
やう,名詞,非自立,助動詞語幹,*,*,*,やう,ヤウ,ヨー
な,助動詞,*,*,*,特殊・ダ,体言接続,だ,ナ,ナ
犬,名詞,一般,*,*,*,*,犬,イヌ,イヌ
を,助詞,格助詞,一般,*,*,*,を,ヲ,ヲ
二,名詞,数,*,*,*,*,二,ニ,ニ
疋,名詞,一般,*,*,*,*,疋,*,*
つれ,動詞,自立,*,*,一段,連用形,つれる,ツレ,ツレ
て,助詞,接続助詞,*,*,*,*,て,テ,テ
、,記号,読点,*,*,*,*,、,、,、
だいぶ,副詞,一般,*,*,*,*,だいぶ,ダイブ,ダイブ
山奥,名詞,一般,*,*,*,*,山奥,ヤマオク,ヤマオク
の,助詞,連体化,*,*,*,*,の,ノ,ノ
、,記号,読点,*,*,*,*,、,、,、
木の葉,名詞,一般,*,*,*,*,木の葉,コノハ,コノハ
の,助詞,連体化,*,*,*,*,の,ノ,ノ
かさ,名詞,一般,*,*,*,*,かさ,カサ,カサ
／,記号,一般,*,*,*,*,／,／,／
＼,記号,一般,*,*,*,*,＼,＼,＼
し,動詞,自立,*,*,サ変・スル,連用形,する,シ,シ
た,助動詞,*,*,*,特殊・タ,基本形,た,タ,タ
とこ,名詞,一般,*,*,*,*,とこ,トコ,トコ
を,助詞,格助詞,一般,*,*,*,を,ヲ,ヲ
、,記号,読点,*,*,*,*,、,、,、
こんな,連体詞,*,*,*,*,*,こんな,コンナ,コンナ
こと,名詞,非自立,一般,*,*,*,こと,コト,コト
を,助詞,格助詞,一般,*,*,*,を,ヲ,ヲ
云,名詞,一般,*,*,*,*,云,ウン,ウン
ひ,動詞,自立,*,*,一段,連用形,ひる,ヒ,ヒ
ながら,助詞,接続助詞,*,*,*,*,ながら,ナガラ,ナガラ
、,記号,読点,*,*,*,*,、,、,、
あるい,動詞,自立,*,*,五段・カ行イ音便,連用タ接続,あるく,アルイ,アルイ
て,助詞,接続助詞,*,*,*,*,て,テ,テ
を,助詞,格助詞,一般,*,*,*,を,ヲ,ヲ
り,助動詞,*,*,*,文語・リ,基本形,り,リ,リ
まし,助動詞,*,*,*,特殊・マス,連用形,ます,マシ,マシ
た,助動詞,*,*,*,特殊・タ,基本形,た,タ,タ
。,記号,句点,*,*,*,*,。,。,。
「,記号,括弧開,*,*,*,*,「,「,「
ぜんたい,名詞,副詞可能,*,*,*,*,ぜんたい,ゼンタイ,ゼンタイ
、,記号,読点,*,*,*,*,、,、,、
こ,名詞,一般,*,*,*,*,こ,コ,コ
ゝ,記号,一般,*,*,*,*,ゝ,ゝ,ゝ
ら,名詞,接尾,一般,*,*,*,ら,ラ,ラ
の,助詞,連体化,*,*,*,*,の,ノ,ノ
山,名詞,一般,*,*,*,*,山,ヤマ,ヤマ
は,助詞,係助詞,*,*,*,*,は,ハ,ワ
怪しから,形容詞,自立,*,*,形容詞・イ段,未然ヌ接続,怪しい,アヤシカラ,アヤシカラ
ん,助動詞,*,*,*,不変化型,基本形,ん,ン,ン
ね,助詞,終助詞,*,*,*,*,ね,ネ,ネ
。,記号,句点,*,*,*,*,。,。,。
鳥,名詞,一般,*,*,*,*,鳥,トリ,トリ
も,助詞,係助詞,*,*,*,*,も,モ,モ
獣,名詞,一般,*,*,*,*,獣,シシ,シシ
も,助詞,係助詞,*,*,*,*,も,モ,モ
一疋,名詞,一般,*,*,*,*,一疋,イッピキ,イッピキ
も,助詞,係助詞,*,*,*,*,も,モ,モ
居,名詞,一般,*,*,*,*,居,キョ,キョ
や,助詞,並立助詞,*,*,*,*,や,ヤ,ヤ
がらん,名詞,一般,*,*,*,*,がらん,ガラン,ガラン
。,記号,句点,*,*,*,*,。,。,。
なん,名詞,代名詞,一般,*,*,*,なん,ナン,ナン
でも,助詞,副助詞,*,*,*,*,でも,デモ,デモ
構,名詞,一般,*,*,*,*,構,*,*
は,助詞,係助詞,*,*,*,*,は,ハ,ワ
ない,形容詞,自立,*,*,形容詞・アウオ段,基本形,ない,ナイ,ナイ
から,助詞,接続助詞,*,*,*,*,から,カラ,カラ
、,記号,読点,*,*,*,*,、,、,、
早く,形容詞,自立,*,*,形容詞・アウオ段,連用テ接続,早い,ハヤク,ハヤク
タンタアーン,名詞,一般,*,*,*,*,タンタアーン,*,*
と,助詞,並立助詞,*,*,*,*,と,ト,ト
、,記号,読点,*,*,*,*,、,、,、
やつ,名詞,代名詞,一般,*,*,*,やつ,ヤツ,ヤツ
て,助詞,格助詞,連語,*,*,*,て,テ,テ
見,動詞,自立,*,*,一段,連用形,見る,ミ,ミ
たい,助動詞,*,*,*,特殊・タイ,基本形,たい,タイ,タイ
もん,名詞,非自立,一般,*,*,*,もん,モン,モン
だ,助動詞,*,*,*,特殊・ダ,基本形,だ,ダ,ダ
なあ,助詞,終助詞,*,*,*,*,なあ,ナア,ナー
。,記号,句点,*,*,*,*,。,。,。
」,記号,括弧閉,*,*,*,*,」,」,」
「,記号,括弧開,*,*,*,*,「,「,「
鹿,名詞,一般,*,*,*,*,鹿,シカ,シカ
の,助詞,連体化,*,*,*,*,の,ノ,ノ
黄いろ,名詞,形容動詞語幹,*,*,*,*,黄いろ,キイロ,キイロ
な,助動詞,*,*,*,特殊・ダ,体言接続,だ,ナ,ナ
横,名詞,一般,*,*,*,*,横,ヨコ,ヨコ
つ,助動詞,*,*,*,下二・タ行,基本形,つ,ツ,ツ
腹,名詞,一般,*,*,*,*,腹,ハラ,ハラ
なんぞ,助詞,副助詞,*,*,*,*,なんぞ,ナンゾ,ナンゾ
に,助詞,格助詞,一般,*,*,*,に,ニ,ニ
、,記号,読点,*,*,*,*,、,、,、
二,名詞,数,*,*,*,*,二,ニ,ニ
三,名詞,数,*,*,*,*,三,サン,サン
発,名詞,接尾,助数詞,*,*,*,発,ハツ,ハツ
お見舞,名詞,サ変接続,*,*,*,*,お見舞,オミマイ,オミマイ
まう,動詞,自立,*,*,五段・ワ行促音便,基本形,まう,マウ,マウ
し,動詞,自立,*,*,サ変・スル,連用形,する,シ,シ
たら,助動詞,*,*,*,特殊・タ,仮定形,た,タラ,タラ
、,記号,読点,*,*,*,*,、,、,、
ず,助動詞,*,*,*,特殊・ヌ,連用ニ接続,ぬ,ズ,ズ
ゐ,動詞,自立,*,*,一段,連用形,ゐる,ヰ,イ
ぶん,名詞,一般,*,*,*,*,ぶん,ブン,ブン
痛快,名詞,一般,*,*,*,*,痛快,ツウカイ,ツーカイ
だら,助動詞,*,*,*,特殊・ダ,未然形,だ,ダラ,ダラ
う,助動詞,*,*,*,不変化型,基本形,う,ウ,ウ
ねえ,助詞,終助詞,*,*,*,*,ねえ,ネエ,ネー
。,記号,句点,*,*,*,*,。,。,。
くる,動詞,自立,*,*,カ変・クル,基本形,くる,クル,クル
／,記号,一般,*,*,*,*,／,／,／
＼,記号,一般,*,*,*,*,＼,＼,＼
ま,感動詞,*,*,*,*,*,ま,マ,マ
はつ,名詞,一般,*,*,*,*,はつ,ハツ,ハツ
て,助詞,格助詞,連語,*,*,*,て,テ,テ
、,記号,読点,*,*,*,*,、,、,、
それから,接続詞,*,*,*,*,*,それから,ソレカラ,ソレカラ
ど,助詞,接続助詞,*,*,*,*,ど,ド,ド
たつ,動詞,自立,*,*,五段・タ行,基本形,たつ,タツ,タツ
と,助詞,格助詞,引用,*,*,*,と,ト,ト
倒れる,動詞,自立,*,*,一段,基本形,倒れる,タオレル,タオレル
だら,助動詞,*,*,*,特殊・ダ,未然形,だ,ダラ,ダラ
う,助動詞,*,*,*,不変化型,基本形,う,ウ,ウ
ねえ,助詞,終助詞,*,*,*,*,ねえ,ネエ,ネー
。,記号,句点,*,*,*,*,。,。,。
」,記号,括弧閉,*,*,*,*,」,」,」
それ,名詞,代名詞,一般,*,*,*,それ,ソレ,ソレ
は,助詞,係助詞,*,*,*,*,は,ハ,ワ
だいぶ,副詞,一般,*,*,*,*,だいぶ,ダイブ,ダイブ
の,助詞,連体化,*,*,*,*,の,ノ,ノ
山奥,名詞,一般,*,*,*,*,山奥,ヤマオク,ヤマオク
でし,助動詞,*,*,*,特殊・デス,連用形,です,デシ,デシ
た,助動詞,*,*,*,特殊・タ,基本形,た,タ,タ
。,記号,句点,*,*,*,*,。,。,。
案内,名詞,サ変接続,*,*,*,*,案内,アンナイ,アンナイ
し,動詞,自立,*,*,サ変・スル,連用形,する,シ,シ
て,助詞,接続助詞,*,*,*,*,て,テ,テ
き,動詞,非自立,*,*,カ変・クル,連用形,くる,キ,キ
た,助動詞,*,*,*,特殊・タ,基本形,た,タ,タ
専門,名詞,一般,*,*,*,*,専門,センモン,センモン
の,助詞,連体化,*,*,*,*,の,ノ,ノ
鉄砲,名詞,一般,*,*,*,*,鉄砲,テッポウ,テッポー
打ち,名詞,接尾,一般,*,*,*,打ち,ウチ,ウチ
も,助詞,係助詞,*,*,*,*,も,モ,モ
、,記号,読点,*,*,*,*,、,、,、
ちよ,名詞,固有名詞,人名,名,*,*,ちよ,チヨ,チヨ
つと,副詞,一般,*,*,*,*,つと,ツト,ツト
まごつい,動詞,自立,*,*,五段・カ行イ音便,連用タ接続,まごつく,マゴツイ,マゴツイ
て,助詞,接続助詞,*,*,*,*,て,テ,テ
、,記号,読点,*,*,*,*,、,、,、
どこ,名詞,代名詞,一般,*,*,*,どこ,ドコ,ドコ
か,助詞,副助詞／並立助詞／終助詞,*,*,*,*,か,カ,カ
へ,助詞,格助詞,一般,*,*,*,へ,ヘ,エ
行,名詞,一般,*,*,*,*,行,クダリ,クダリ
つて,名詞,一般,*,*,*,*,つて,ツテ,ツテ
し,動詞,自立,*,*,サ変・スル,連用形,する,シ,シ
まつ,名詞,一般,*,*,*,*,まつ,マツ,マツ
たくら,名詞,固有名詞,人名,名,*,*,たくら,タクラ,タクラ
ゐ,動詞,自立,*,*,一段,連用形,ゐる,ヰ,イ
の,助詞,連体化,*,*,*,*,の,ノ,ノ
山奥,名詞,一般,*,*,*,*,山奥,ヤマオク,ヤマオク
でし,助動詞,*,*,*,特殊・デス,連用形,です,デシ,デシ
た,助動詞,*,*,*,特殊・タ,基本形,た,タ,タ
。,記号,句点,*,*,*,*,。,。,。
それに,接続詞,*,*,*,*,*,それに,ソレニ,ソレニ
、,記号,読点,*,*,*,*,、,、,、
あんまり,副詞,助詞類接続,*,*,*,*,あんまり,アンマリ,アンマリ
山,名詞,一般,*,*,*,*,山,ヤマ,ヤマ
が,助詞,格助詞,一般,*,*,*,が,ガ,ガ
物凄い,形容詞,自立,*,*,形容詞・アウオ段,基本形,物凄い,モノスゴイ,モノスゴイ
ので,助詞,接続助詞,*,*,*,*,ので,ノデ,ノデ
、,記号,読点,*,*,*,*,、,、,、
その,連体詞,*,*,*,*,*,その,ソノ,ソノ
白熊,名詞,一般,*,*,*,*,白熊,シロクマ,シロクマ
の,助詞,連体化,*,*,*,*,の,ノ,ノ
やう,名詞,非自立,助動詞語幹,*,*,*,やう,ヤウ,ヨー
な,助動詞,*,*,*,特殊・ダ,体言接続,だ,ナ,ナ
犬,名詞,一般,*,*,*,*,犬,イヌ,イヌ
が,助詞,格助詞,一般,*,*,*,が,ガ,ガ
、,記号,読点,*,*,*,*,、,、,、
二,名詞,数,*,*,*,*,二,ニ,ニ
疋,名詞,固有名詞,組織,*,*,*,疋,*,*
いつ,名詞,代名詞,一般,*,*,*,いつ,イツ,イツ
しよ,動詞,自立,*,*,サ変・スル,未然ウ接続,する,シヨ,シヨ
に,助詞,格助詞,一般,*,*,*,に,ニ,ニ
め,名詞,一般,*,*,*,*,め,メ,メ
まひ,名詞,サ変接続,*,*,*,*,まひ,マヒ,マヒ
を,助詞,格助詞,一般,*,*,*,を,ヲ,ヲ
起し,動詞,自立,*,*,五段・サ行,連用形,起す,オコシ,オコシ
て,助詞,接続助詞,*,*,*,*,て,テ,テ
、,記号,読点,*,*,*,*,、,、,、
しばらく,副詞,助詞類接続,*,*,*,*,しばらく,シバラク,シバラク
吠,名詞,一般,*,*,*,*,吠,*,*
つて,名詞,一般,*,*,*,*,つて,ツテ,ツテ
、,記号,読点,*,*,*,*,、,、,、
それから,接続詞,*,*,*,*,*,それから,ソレカラ,ソレカラ
泡,名詞,一般,*,*,*,*,泡,アワ,アワ
を,助詞,格助詞,一般,*,*,*,を,ヲ,ヲ
吐い,動詞,自立,*,*,五段・カ行イ音便,連用タ接続,吐く,ハイ,ハイ
て,助詞,接続助詞,*,*,*,*,て,テ,テ
死ん,動詞,自立,*,*,五段・ナ行,連用タ接続,死ぬ,シン,シン
で,助詞,接続助詞,*,*,*,*,で,デ,デ
しまひ,動詞,非自立,*,*,四段・ハ行,連用形,しまふ,シマヒ,シマイ
まし,助動詞,*,*,*,特殊・マス,連用形,ます,マシ,マシ
た,助動詞,*,*,*,特殊・タ,基本形,た,タ,タ
。,記号,句点,*,*,*,*,。,。,。
「,記号,括弧開,*,*,*,*,「,「,「
じつに,副詞,一般,*,*,*,*,じつに,ジツニ,ジツニ
ぼく,名詞,代名詞,一般,*,*,*,ぼく,ボク,ボク
は,助詞,係助詞,*,*,*,*,は,ハ,ワ
、,記号,読点,*,*,*,*,、,、,、
二,名詞,数,*,*,*,*,二,ニ,ニ
千,名詞,数,*,*,*,*,千,セン,セン
四,名詞,数,*,*,*,*,四,ヨン,ヨン
百,名詞,数,*,*,*,*,百,ヒャク,ヒャク
円,名詞,接尾,助数詞,*,*,*,円,エン,エン
の,助詞,連体化,*,*,*,*,の,ノ,ノ
損害,名詞,サ変接続,*,*,*,*,損害,ソンガイ,ソンガイ
だ,助動詞,*,*,*,特殊・ダ,基本形,だ,ダ,ダ
」,記号,括弧閉,*,*,*,*,」,」,」
と,助詞,格助詞,引用,*,*,*,と,ト,ト
一,名詞,数,*,*,*,*,一,イチ,イチ
人,名詞,接尾,助数詞,*,*,*,人,ニン,ニン
の,助詞,連体化,*,*,*,*,の,ノ,ノ
紳士,名詞,一般,*,*,*,*,紳士,シンシ,シンシ
が,助詞,格助詞,一般,*,*,*,が,ガ,ガ
、,記号,読点,*,*,*,*,、,、,、
その,連体詞,*,*,*,*,*,その,ソノ,ソノ
犬,名詞,一般,*,*,*,*,犬,イヌ,イヌ
の,助詞,連体化,*,*,*,*,の,ノ,ノ
眼,名詞,一般,*,*,*,*,眼,メ,メ
ぶた,名詞,一般,*,*,*,*,ぶた,ブタ,ブタ
を,助詞,格助詞,一般,*,*,*,を,ヲ,ヲ
、,記号,読点,*,*,*,*,、,、,、
ちよ,名詞,固有名詞,人名,名,*,*,ちよ,チヨ,チヨ
つと,副詞,一般,*,*,*,*,つと,ツト,ツト
か,助詞,副助詞／並立助詞／終助詞,*,*,*,*,か,カ,カ
へ,助詞,格助詞,一般,*,*,*,へ,ヘ,エ
し,動詞,自立,*,*,サ変・スル,連用形,する,シ,シ
て,助詞,接続助詞,*,*,*,*,て,テ,テ
み,動詞,非自立,*,*,一段,連用形,みる,ミ,ミ
て,助詞,接続助詞,*,*,*,*,て,テ,テ
言,名詞,一般,*,*,*,*,言,ゲン,ゲン
ひ,動詞,自立,*,*,一段,連用形,ひる,ヒ,ヒ
まし,助動詞,*,*,*,特殊・マス,連用形,ます,マシ,マシ
た,助動詞,*,*,*,特殊・タ,基本形,た,タ,タ
。,記号,句点,*,*,*,*,。,。,。
「,記号,括弧開,*,*,*,*,「,「,「
ぼく,名詞,代名詞,一般,*,*,*,ぼく,ボク,ボク
は,助詞,係助詞,*,*,*,*,は,ハ,ワ
二,名詞,数,*,*,*,*,二,ニ,ニ
千,名詞,数,*,*,*,*,千,セン,セン
八,名詞,数,*,*,*,*,八,ハチ,ハチ
百,名詞,数,*,*,*,*,百,ヒャク,ヒャク
円,名詞,接尾,助数詞,*,*,*,円,エン,エン
の,助詞,連体化,*,*,*,*,の,ノ,ノ
損害,名詞,サ変接続,*,*,*,*,損害,ソンガイ,ソンガイ
だ,助動詞,*,*,*,特殊・ダ,基本形,だ,ダ,ダ
。,記号,句点,*,*,*,*,。,。,。
」,記号,括弧閉,*,*,*,*,」,」,」
と,助詞,格助詞,引用,*,*,*,と,ト,ト
、,記号,読点,*,*,*,*,、,、,、
も,助詞,係助詞,*,*,*,*,も,モ,モ
ひとり,名詞,一般,*,*,*,*,ひとり,ヒトリ,ヒトリ
が,助詞,格助詞,一般,*,*,*,が,ガ,ガ
、,記号,読点,*,*,*,*,、,、,、
くやし,形容詞,自立,*,*,形容詞・イ段,ガル接続,くやしい,クヤシ,クヤシ
さ,名詞,接尾,特殊,*,*,*,さ,サ,サ
うに,名詞,一般,*,*,*,*,うに,ウニ,ウニ
、,記号,読点,*,*,*,*,、,、,、
あ,感動詞,*,*,*,*,*,あ,ア,ア
たま,名詞,一般,*,*,*,*,たま,タマ,タマ
を,助詞,格助詞,一般,*,*,*,を,ヲ,ヲ
まげ,動詞,自立,*,*,一段,連用形,まげる,マゲ,マゲ
て,助詞,接続助詞,*,*,*,*,て,テ,テ
言,名詞,一般,*,*,*,*,言,ゲン,ゲン
ひ,動詞,自立,*,*,一段,連用形,ひる,ヒ,ヒ
まし,助動詞,*,*,*,特殊・マス,連用形,ます,マシ,マシ
た,助動詞,*,*,*,特殊・タ,基本形,た,タ,タ
。,記号,句点,*,*,*,*,。,。,。
はじめ,名詞,副詞可能,*,*,*,*,はじめ,ハジメ,ハジメ
の,助詞,連体化,*,*,*,*,の,ノ,ノ
紳士,名詞,一般,*,*,*,*,紳士,シンシ,シンシ
は,助詞,係助詞,*,*,*,*,は,ハ,ワ
、,記号,読点,*,*,*,*,、,、,、
すこし,副詞,助詞類接続,*,*,*,*,すこし,スコシ,スコシ
顔,名詞,一般,*,*,*,*,顔,カオ,カオ
いろ,動詞,自立,*,*,一段,命令ｒｏ,いる,イロ,イロ
を,助詞,格助詞,一般,*,*,*,を,ヲ,ヲ
悪く,形容詞,自立,*,*,形容詞・アウオ段,連用テ接続,悪い,ワルク,ワルク
し,動詞,自立,*,*,サ変・スル,連用形,する,シ,シ
て,助詞,接続助詞,*,*,*,*,て,テ,テ
、,記号,読点,*,*,*,*,、,、,、
じ,助動詞,*,*,*,不変化型,基本形,じ,ジ,ジ
つと,副詞,一般,*,*,*,*,つと,ツト,ツト
、,記号,読点,*,*,*,*,、,、,、
も,助詞,係助詞,*,*,*,*,も,モ,モ
ひとり,名詞,一般,*,*,*,*,ひとり,ヒトリ,ヒトリ
の,助詞,連体化,*,*,*,*,の,ノ,ノ
紳士,名詞,一般,*,*,*,*,紳士,シンシ,シンシ
の,助詞,連体化,*,*,*,*,の,ノ,ノ
、,記号,読点,*,*,*,*,、,、,、
顔つき,名詞,一般,*,*,*,*,顔つき,カオツキ,カオツキ
を,助詞,格助詞,一般,*,*,*,を,ヲ,ヲ
見,動詞,自立,*,*,一段,連用形,見る,ミ,ミ
ながら,助詞,接続助詞,*,*,*,*,ながら,ナガラ,ナガラ
云,名詞,一般,*,*,*,*,云,ウン,ウン
ひ,動詞,自立,*,*,一段,連用形,ひる,ヒ,ヒ
まし,助動詞,*,*,*,特殊・マス,連用形,ます,マシ,マシ
た,助動詞,*,*,*,特殊・タ,基本形,た,タ,タ
。,記号,句点,*,*,*,*,。,。,。
「,記号,括弧開,*,*,*,*,「,「,「
ぼく,名詞,代名詞,一般,*,*,*,ぼく,ボク,ボク
は,助詞,係助詞,*,*,*,*,は,ハ,ワ
もう,副詞,一般,*,*,*,*,もう,モウ,モー
戻ら,動詞,自立,*,*,五段・ラ行,未然形,戻る,モドラ,モドラ
う,助動詞,*,*,*,不変化型,基本形,う,ウ,ウ
とお,形容詞,自立,*,*,形容詞・アウオ段,ガル接続,とおい,トオ,トー
も,助詞,係助詞,*,*,*,*,も,モ,モ
ふ,動詞,自立,*,*,五段・ラ行,体言接続特殊２,ふる,フ,フ
。,記号,句点,*,*,*,*,。,。,。
」,記号,括弧閉,*,*,*,*,」,」,」
「,記号,括弧開,*,*,*,*,「,「,「
さあ,感動詞,*,*,*,*,*,さあ,サア,サー
、,記号,読点,*,*,*,*,、,、,、
ぼく,名詞,代名詞,一般,*,*,*,ぼく,ボク,ボク
もち,名詞,一般,*,*,*,*,もち,モチ,モチ
や,助詞,並立助詞,*,*,*,*,や,ヤ,ヤ
うど,名詞,一般,*,*,*,*,うど,ウド,ウド
寒く,形容詞,自立,*,*,形容詞・アウオ段,連用テ接続,寒い,サムク,サムク
はなつ,動詞,自立,*,*,五段・タ行,基本形,はなつ,ハナツ,ハナツ
たし,助動詞,*,*,*,特殊・タイ,文語基本形,たい,タシ,タシ
腹,名詞,一般,*,*,*,*,腹,ハラ,ハラ
は,助詞,係助詞,*,*,*,*,は,ハ,ワ
空い,動詞,自立,*,*,五段・カ行イ音便,連用タ接続,空く,アイ,アイ
て,助詞,接続助詞,*,*,*,*,て,テ,テ
き,動詞,非自立,*,*,カ変・クル,連用形,くる,キ,キ
た,助動詞,*,*,*,特殊・タ,基本形,た,タ,タ
し,助詞,接続助詞,*,*,*,*,し,シ,シ
戻ら,動詞,自立,*,*,五段・ラ行,未然形,戻る,モドラ,モドラ
う,助動詞,*,*,*,不変化型,基本形,う,ウ,ウ
とお,形容詞,自立,*,*,形容詞・アウオ段,ガル接続,とおい,トオ,トー
も,助詞,係助詞,*,*,*,*,も,モ,モ
ふ,動詞,自立,*,*,五段・ラ行,体言接続特殊２,ふる,フ,フ
。,記号,句点,*,*,*,*,。,。,。
」,記号,括弧閉,*,*,*,*,」,」,」
「,記号,括弧開,*,*,*,*,「,「,「
そい,動詞,自立,*,*,五段・ワ行促音便,連用形,そう,ソイ,ソイ
ぢ,名詞,一般,*,*,*,*,ぢ,ヂ,ジ
や,助詞,並立助詞,*,*,*,*,や,ヤ,ヤ
、,記号,読点,*,*,*,*,、,、,、
これ,名詞,代名詞,一般,*,*,*,これ,コレ,コレ
で,助詞,格助詞,一般,*,*,*,で,デ,デ
切りあげ,動詞,自立,*,*,一段,連用形,切りあげる,キリアゲ,キリアゲ
やう,名詞,非自立,助動詞語幹,*,*,*,やう,ヤウ,ヨー
。,記号,句点,*,*,*,*,。,。,。
なあに,感動詞,*,*,*,*,*,なあに,ナアニ,ナーニ
戻り,名詞,一般,*,*,*,*,戻り,モドリ,モドリ
に,助詞,格助詞,一般,*,*,*,に,ニ,ニ
、,記号,読点,*,*,*,*,、,、,、
昨日,名詞,副詞可能,*,*,*,*,昨日,キノウ,キノー
の,助詞,連体化,*,*,*,*,の,ノ,ノ
宿屋,名詞,一般,*,*,*,*,宿屋,ヤドヤ,ヤドヤ
で,助詞,格助詞,一般,*,*,*,で,デ,デ
、,記号,読点,*,*,*,*,、,、,、
山鳥,名詞,一般,*,*,*,*,山鳥,ヤマドリ,ヤマドリ
を,助詞,格助詞,一般,*,*,*,を,ヲ,ヲ
拾,名詞,固有名詞,地域,一般,*,*,拾,ジツ,ジツ
円,名詞,一般,*,*,*,*,円,エン,エン
も,助詞,係助詞,*,*,*,*,も,モ,モ
買,名詞,接尾,一般,*,*,*,買,ガイ,ガイ
つて,名詞,一般,*,*,*,*,つて,ツテ,ツテ
帰れ,動詞,自立,*,*,五段・ラ行,仮定形,帰る,カエレ,カエレ
ば,助詞,接続助詞,*,*,*,*,ば,バ,バ
い,動詞,非自立,*,*,一段,連用形,いる,イ,イ
ゝ,記号,一般,*,*,*,*,ゝ,ゝ,ゝ
。,記号,句点,*,*,*,*,。,。,。
」,記号,括弧閉,*,*,*,*,」,」,」
「,記号,括弧開,*,*,*,*,「,「,「
兎,名詞,一般,*,*,*,*,兎,ウサギ,ウサギ
も,助詞,係助詞,*,*,*,*,も,モ,モ
で,動詞,自立,*,*,一段,連用形,でる,デ,デ
て,助詞,接続助詞,*,*,*,*,て,テ,テ
ゐ,動詞,自立,*,*,一段,連用形,ゐる,ヰ,イ
た,助動詞,*,*,*,特殊・タ,基本形,た,タ,タ
ねえ,助詞,終助詞,*,*,*,*,ねえ,ネエ,ネー
。,記号,句点,*,*,*,*,。,。,。
さ,副詞,助詞類接続,*,*,*,*,さ,サ,サ
う,感動詞,*,*,*,*,*,う,ウ,ウ
すれ,動詞,自立,*,*,サ変・スル,仮定形,する,スレ,スレ
ば,助詞,接続助詞,*,*,*,*,ば,バ,バ
結局,名詞,副詞可能,*,*,*,*,結局,ケッキョク,ケッキョク
おんなじ,連体詞,*,*,*,*,*,おんなじ,オンナジ,オンナジ
こ,動詞,自立,*,*,カ変・クル,未然形,くる,コ,コ
つ,助動詞,*,*,*,下二・タ行,基本形,つ,ツ,ツ
た,助動詞,*,*,*,特殊・タ,基本形,た,タ,タ
。,記号,句点,*,*,*,*,。,。,。
で,助動詞,*,*,*,特殊・ダ,連用形,だ,デ,デ
は,助詞,係助詞,*,*,*,*,は,ハ,ワ
帰ら,動詞,自立,*,*,五段・ラ行,未然形,帰る,カエラ,カエラ
う,助動詞,*,*,*,不変化型,基本形,う,ウ,ウ
ぢ,名詞,一般,*,*,*,*,ぢ,ヂ,ジ
や,助詞,係助詞,*,*,*,*,や,ヤ,ヤ
ない,助動詞,*,*,*,特殊・ナイ,基本形,ない,ナイ,ナイ
か,助詞,副助詞／並立助詞／終助詞,*,*,*,*,か,カ,カ
」,記号,括弧閉,*,*,*,*,」,」,」
ところが,接続詞,*,*,*,*,*,ところが,トコロガ,トコロガ
どうも,副詞,一般,*,*,*,*,どうも,ドウモ,ドーモ
困,動詞,自立,*,*,五段・ラ行,体言接続特殊２,困る,コマ,コマ
つ,助動詞,*,*,*,下二・タ行,基本形,つ,ツ,ツ
た,助動詞,*,*,*,特殊・タ,基本形,た,タ,タ
こと,名詞,非自立,一般,*,*,*,こと,コト,コト
は,助詞,係助詞,*,*,*,*,は,ハ,ワ
、,記号,読点,*,*,*,*,、,、,、
ど,接頭詞,名詞接続,*,*,*,*,ど,ド,ド
つ,助動詞,*,*,*,下二・タ行,基本形,つ,ツ,ツ
ち,動詞,自立,*,*,五段・ラ行,体言接続特殊２,ちる,チ,チ
へ,助詞,格助詞,一般,*,*,*,へ,ヘ,エ
行け,動詞,自立,*,*,五段・カ行促音便,仮定形,行く,イケ,イケ
ば,助詞,接続助詞,*,*,*,*,ば,バ,バ
戻れる,動詞,自立,*,*,一段,基本形,戻れる,モドレル,モドレル
の,名詞,非自立,一般,*,*,*,の,ノ,ノ
か,助詞,副助詞／並立助詞／終助詞,*,*,*,*,か,カ,カ
、,記号,読点,*,*,*,*,、,、,、
いつか,動詞,自立,*,*,五段・カ行イ音便,未然形,いつく,イツカ,イツカ
う,助動詞,*,*,*,不変化型,基本形,う,ウ,ウ
見当,名詞,サ変接続,*,*,*,*,見当,ケントウ,ケントー
が,助詞,格助詞,一般,*,*,*,が,ガ,ガ
つか,動詞,自立,*,*,五段・カ行イ音便,未然形,つく,ツカ,ツカ
なく,助動詞,*,*,*,特殊・ナイ,連用テ接続,ない,ナク,ナク
な,助詞,終助詞,*,*,*,*,な,ナ,ナ
つて,名詞,一般,*,*,*,*,つて,ツテ,ツテ
ゐ,動詞,自立,*,*,一段,連用形,ゐる,ヰ,イ
まし,助動詞,*,*,*,特殊・マス,連用形,ます,マシ,マシ
た,助動詞,*,*,*,特殊・タ,基本形,た,タ,タ
。,記号,句点,*,*,*,*,。,。,。
風,名詞,一般,*,*,*,*,風,カゼ,カゼ
が,助詞,格助詞,一般,*,*,*,が,ガ,ガ
どう,副詞,助詞類接続,*,*,*,*,どう,ドウ,ドー
と,助詞,副詞化,*,*,*,*,と,ト,ト
吹い,動詞,自立,*,*,五段・カ行イ音便,連用タ接続,吹く,フイ,フイ
て,助詞,接続助詞,*,*,*,*,て,テ,テ
き,動詞,非自立,*,*,カ変・クル,連用形,くる,キ,キ
て,助詞,接続助詞,*,*,*,*,て,テ,テ
、,記号,読点,*,*,*,*,、,、,、
草,名詞,一般,*,*,*,*,草,クサ,クサ
は,助詞,係助詞,*,*,*,*,は,ハ,ワ
ざわざわ,名詞,サ変接続,*,*,*,*,ざわざわ,ザワザワ,ザワザワ
、,記号,読点,*,*,*,*,、,、,、
木の葉,名詞,一般,*,*,*,*,木の葉,コノハ,コノハ
は,助詞,係助詞,*,*,*,*,は,ハ,ワ
かさかさ,副詞,一般,*,*,*,*,かさかさ,カサカサ,カサカサ
、,記号,読点,*,*,*,*,、,、,、
木,名詞,一般,*,*,*,*,木,キ,キ
は,助詞,係助詞,*,*,*,*,は,ハ,ワ
ご,接頭詞,名詞接続,*,*,*,*,ご,ゴ,ゴ
とんご,名詞,サ変接続,*,*,*,*,とんご,トンゴ,トンゴ
とんと,副詞,一般,*,*,*,*,とんと,トント,トント
鳴り,動詞,自立,*,*,五段・ラ行,連用形,鳴る,ナリ,ナリ
まし,助動詞,*,*,*,特殊・マス,連用形,ます,マシ,マシ
た,助動詞,*,*,*,特殊・タ,基本形,た,タ,タ
。,記号,句点,*,*,*,*,。,。,。
「,記号,括弧開,*,*,*,*,「,「,「
どうも,副詞,一般,*,*,*,*,どうも,ドウモ,ドーモ
腹,名詞,一般,*,*,*,*,腹,ハラ,ハラ
が,助詞,格助詞,一般,*,*,*,が,ガ,ガ
空い,動詞,自立,*,*,五段・カ行イ音便,連用タ接続,空く,アイ,アイ
た,助動詞,*,*,*,特殊・タ,基本形,た,タ,タ
。,記号,句点,*,*,*,*,。,。,。
さつき,名詞,固有名詞,地域,一般,*,*,さつき,サツキ,サツキ
から,助詞,格助詞,一般,*,*,*,から,カラ,カラ
横,名詞,一般,*,*,*,*,横,ヨコ,ヨコ
つ,助動詞,*,*,*,下二・タ行,基本形,つ,ツ,ツ
腹,名詞,一般,*,*,*,*,腹,ハラ,ハラ
が,助詞,格助詞,一般,*,*,*,が,ガ,ガ
痛く,形容詞,自立,*,*,形容詞・アウオ段,連用テ接続,痛い,イタク,イタク
て,助詞,接続助詞,*,*,*,*,て,テ,テ
たまらない,形容詞,自立,*,*,形容詞・アウオ段,基本形,たまらない,タマラナイ,タマラナイ
ん,名詞,非自立,一般,*,*,*,ん,ン,ン
だ,助動詞,*,*,*,特殊・ダ,基本形,だ,ダ,ダ
。,記号,句点,*,*,*,*,。,。,。
」,記号,括弧閉,*,*,*,*,」,」,」
「,記号,括弧開,*,*,*,*,「,「,「
ぼく,名詞,代名詞,一般,*,*,*,ぼく,ボク,ボク
も,助詞,係助詞,*,*,*,*,も,モ,モ
さ,動詞,自立,*,*,サ変・スル,未然レル接続,する,サ,サ
う,助動詞,*,*,*,不変化型,基本形,う,ウ,ウ
だ,助動詞,*,*,*,特殊・ダ,基本形,だ,ダ,ダ
。,記号,句点,*,*,*,*,。,。,。
もう,副詞,一般,*,*,*,*,もう,モウ,モー
あんまり,副詞,助詞類接続,*,*,*,*,あんまり,アンマリ,アンマリ
あるき,動詞,自立,*,*,五段・カ行イ音便,連用形,あるく,アルキ,アルキ
たく,助動詞,*,*,*,特殊・タイ,連用テ接続,たい,タク,タク
ない,助動詞,*,*,*,特殊・ナイ,基本形,ない,ナイ,ナイ
な,助詞,終助詞,*,*,*,*,な,ナ,ナ
。,記号,句点,*,*,*,*,。,。,。
」,記号,括弧閉,*,*,*,*,」,」,」
「,記号,括弧開,*,*,*,*,「,「,「
あるき,動詞,自立,*,*,五段・カ行イ音便,連用形,あるく,アルキ,アルキ
たく,助動詞,*,*,*,特殊・タイ,連用テ接続,たい,タク,タク
ない,助動詞,*,*,*,特殊・ナイ,基本形,ない,ナイ,ナイ
よ,助詞,終助詞,*,*,*,*,よ,ヨ,ヨ
。,記号,句点,*,*,*,*,。,。,。
あゝ,感動詞,*,*,*,*,*,あゝ,アア,アー
困,動詞,自立,*,*,五段・ラ行,体言接続特殊２,困る,コマ,コマ
つ,助動詞,*,*,*,下二・タ行,基本形,つ,ツ,ツ
た,助動詞,*,*,*,特殊・タ,基本形,た,タ,タ
なあ,助詞,終助詞,*,*,*,*,なあ,ナア,ナー
、,記号,読点,*,*,*,*,、,、,、
何,名詞,代名詞,一般,*,*,*,何,ナニ,ナニ
か,助詞,副助詞／並立助詞／終助詞,*,*,*,*,か,カ,カ
たべ,動詞,自立,*,*,一段,連用形,たべる,タベ,タベ
たい,助動詞,*,*,*,特殊・タイ,基本形,たい,タイ,タイ
なあ,助詞,終助詞,*,*,*,*,なあ,ナア,ナー
。,記号,句点,*,*,*,*,。,。,。
」,記号,括弧閉,*,*,*,*,」,」,」
「,記号,括弧開,*,*,*,*,「,「,「
喰,名詞,一般,*,*,*,*,喰,*,*
べ,助詞,終助詞,*,*,*,*,べ,ベ,ベ
たい,助動詞,*,*,*,特殊・タイ,基本形,たい,タイ,タイ
もん,名詞,非自立,一般,*,*,*,もん,モン,モン
だ,助動詞,*,*,*,特殊・ダ,基本形,だ,ダ,ダ
なあ,助詞,終助詞,*,*,*,*,なあ,ナア,ナー
」,記号,括弧閉,*,*,*,*,」,」,」
二,名詞,数,*,*,*,*,二,ニ,ニ
人,名詞,接尾,助数詞,*,*,*,人,ニン,ニン
の,助詞,連体化,*,*,*,*,の,ノ,ノ
紳士,名詞,一般,*,*,*,*,紳士,シンシ,シンシ
は,助詞,係助詞,*,*,*,*,は,ハ,ワ
、,記号,読点,*,*,*,*,、,、,、
ざわざわ,名詞,サ変接続,*,*,*,*,ざわざわ,ザワザワ,ザワザワ
鳴る,動詞,自立,*,*,五段・ラ行,基本形,鳴る,ナル,ナル
すゝ,名詞,固有名詞,一般,*,*,*,すゝ,スス,スス
きの,名詞,固有名詞,人名,名,*,*,きの,キノ,キノ
中,名詞,接尾,副詞可能,*,*,*,中,チュウ,チュー
で,助動詞,*,*,*,特殊・ダ,連用形,だ,デ,デ
、,記号,読点,*,*,*,*,、,、,、
こんな,連体詞,*,*,*,*,*,こんな,コンナ,コンナ
こと,名詞,非自立,一般,*,*,*,こと,コト,コト
を,助詞,格助詞,一般,*,*,*,を,ヲ,ヲ
云,名詞,一般,*,*,*,*,云,ウン,ウン
ひ,動詞,自立,*,*,一段,連用形,ひる,ヒ,ヒ
まし,助動詞,*,*,*,特殊・マス,連用形,ます,マシ,マシ
た,助動詞,*,*,*,特殊・タ,基本形,た,タ,タ
。,記号,句点,*,*,*,*,。,。,。
その,連体詞,*,*,*,*,*,その,ソノ,ソノ
時,名詞,非自立,副詞可能,*,*,*,時,トキ,トキ
ふとう,形容詞,自立,*,*,形容詞・アウオ段,連用ゴザイ接続,ふとい,フトウ,フトー
しろ,動詞,自立,*,*,サ変・スル,命令ｒｏ,する,シロ,シロ
を,助詞,格助詞,一般,*,*,*,を,ヲ,ヲ
見,動詞,自立,*,*,一段,連用形,見る,ミ,ミ
ます,助動詞,*,*,*,特殊・マス,基本形,ます,マス,マス
と,助詞,接続助詞,*,*,*,*,と,ト,ト
、,記号,読点,*,*,*,*,、,、,、
立派,名詞,形容動詞語幹,*,*,*,*,立派,リッパ,リッパ
な,助動詞,*,*,*,特殊・ダ,体言接続,だ,ナ,ナ
一,名詞,数,*,*,*,*,一,イチ,イチ
軒,名詞,接尾,助数詞,*,*,*,軒,ケン,ケン
の,助詞,連体化,*,*,*,*,の,ノ,ノ
西洋,名詞,一般,*,*,*,*,西洋,セイヨウ,セイヨー
造り,名詞,接尾,一般,*,*,*,造り,ヅクリ,ズクリ
の,助詞,連体化,*,*,*,*,の,ノ,ノ
家,名詞,一般,*,*,*,*,家,イエ,イエ
が,助詞,格助詞,一般,*,*,*,が,ガ,ガ
あり,動詞,自立,*,*,五段・ラ行,連用形,ある,アリ,アリ
まし,助動詞,*,*,*,特殊・マス,連用形,ます,マシ,マシ
た,助動詞,*,*,*,特殊・タ,基本形,た,タ,タ
。,記号,句点,*,*,*,*,。,。,。
そして,接続詞,*,*,*,*,*,そして,ソシテ,ソシテ
玄関,名詞,一般,*,*,*,*,玄関,ゲンカン,ゲンカン
に,助詞,格助詞,一般,*,*,*,に,ニ,ニ
は,助詞,係助詞,*,*,*,*,は,ハ,ワ
RESTAURANT,名詞,固有名詞,組織,*,*,*,RESTAURANT,*,*
西洋,名詞,一般,*,*,*,*,西洋,セイヨウ,セイヨー
料理,名詞,サ変接続,*,*,*,*,料理,リョウリ,リョーリ
店,名詞,接尾,一般,*,*,*,店,テン,テン
WILDCAT,名詞,固有名詞,組織,*,*,*,WILDCAT,*,*
 ,記号,空白,*,*,*,*, ,*,*
HOUSE,名詞,固有名詞,組織,*,*,*,HOUSE,*,*
山猫,名詞,一般,*,*,*,*,山猫,ヤマネコ,ヤマネコ
軒,名詞,一般,*,*,*,*,軒,ノキ,ノキ
といふ,助詞,格助詞,連語,*,*,*,といふ,トイフ,トユウ
札,名詞,一般,*,*,*,*,札,サツ,サツ
が,助詞,格助詞,一般,*,*,*,が,ガ,ガ
で,動詞,自立,*,*,一段,連用形,でる,デ,デ
て,助詞,接続助詞,*,*,*,*,て,テ,テ
ゐ,動詞,自立,*,*,一段,連用形,ゐる,ヰ,イ
まし,助動詞,*,*,*,特殊・マス,連用形,ます,マシ,マシ
た,助動詞,*,*,*,特殊・タ,基本形,た,タ,タ
。,記号,句点,*,*,*,*,。,。,。
「,記号,括弧開,*,*,*,*,「,「,「
君,名詞,代名詞,一般,*,*,*,君,キミ,キミ
、,記号,読点,*,*,*,*,、,、,、
ちやう,名詞,固有名詞,一般,*,*,*,ちやう,ちやう,チャウ
どい,動詞,自立,*,*,五段・カ行イ音便,連用タ接続,どく,ドイ,ドイ
ゝ,記号,一般,*,*,*,*,ゝ,ゝ,ゝ
。,記号,句点,*,*,*,*,。,。,。
こ,名詞,一般,*,*,*,*,こ,コ,コ
ゝ,記号,一般,*,*,*,*,ゝ,ゝ,ゝ
は,助詞,係助詞,*,*,*,*,は,ハ,ワ
これ,名詞,代名詞,一般,*,*,*,これ,コレ,コレ
で,助詞,格助詞,一般,*,*,*,で,デ,デ
なかなか,副詞,助詞類接続,*,*,*,*,なかなか,ナカナカ,ナカナカ
開け,動詞,自立,*,*,一段,連用形,開ける,アケ,アケ
てる,動詞,非自立,*,*,一段,基本形,てる,テル,テル
ん,名詞,非自立,一般,*,*,*,ん,ン,ン
だ,助動詞,*,*,*,特殊・ダ,基本形,だ,ダ,ダ
。,記号,句点,*,*,*,*,。,。,。
入ら,動詞,自立,*,*,五段・ラ行,未然形,入る,ハイラ,ハイラ
う,助動詞,*,*,*,不変化型,基本形,う,ウ,ウ
ぢ,名詞,一般,*,*,*,*,ぢ,ヂ,ジ
や,助詞,係助詞,*,*,*,*,や,ヤ,ヤ
ない,助動詞,*,*,*,特殊・ナイ,基本形,ない,ナイ,ナイ
か,助詞,副助詞／並立助詞／終助詞,*,*,*,*,か,カ,カ
」,記号,括弧閉,*,*,*,*,」,」,」
「,記号,括弧開,*,*,*,*,「,「,「
おや,感動詞,*,*,*,*,*,おや,オヤ,オヤ
、,記号,読点,*,*,*,*,、,、,、
こんな,連体詞,*,*,*,*,*,こんな,コンナ,コンナ
とこ,名詞,一般,*,*,*,*,とこ,トコ,トコ
に,助詞,格助詞,一般,*,*,*,に,ニ,ニ
を,助詞,格助詞,一般,*,*,*,を,ヲ,ヲ
かしい,動詞,自立,*,*,五段・ガ行,連用タ接続,かしぐ,カシイ,カシイ
ね,助詞,終助詞,*,*,*,*,ね,ネ,ネ
。,記号,句点,*,*,*,*,。,。,。
しかし,接続詞,*,*,*,*,*,しかし,シカシ,シカシ
とにかく,副詞,一般,*,*,*,*,とにかく,トニカク,トニカク
何,名詞,代名詞,一般,*,*,*,何,ナニ,ナニ
か,助詞,副助詞／並立助詞／終助詞,*,*,*,*,か,カ,カ
食事,名詞,サ変接続,*,*,*,*,食事,ショクジ,ショクジ
が,助詞,格助詞,一般,*,*,*,が,ガ,ガ
できる,動詞,自立,*,*,一段,基本形,できる,デキル,デキル
ん,名詞,非自立,一般,*,*,*,ん,ン,ン
だら,助動詞,*,*,*,特殊・ダ,未然形,だ,ダラ,ダラ
う,助動詞,*,*,*,不変化型,基本形,う,ウ,ウ
」,記号,括弧閉,*,*,*,*,」,」,」
「,記号,括弧開,*,*,*,*,「,「,「
もちろん,副詞,一般,*,*,*,*,もちろん,モチロン,モチロン
できる,動詞,自立,*,*,一段,基本形,できる,デキル,デキル
さ,助詞,終助詞,*,*,*,*,さ,サ,サ
。,記号,句点,*,*,*,*,。,。,。
看板,名詞,一般,*,*,*,*,看板,カンバン,カンバン
に,助詞,格助詞,一般,*,*,*,に,ニ,ニ
さ,動詞,自立,*,*,サ変・スル,未然レル接続,する,サ,サ
う,助動詞,*,*,*,不変化型,基本形,う,ウ,ウ
書い,動詞,自立,*,*,五段・カ行イ音便,連用タ接続,書く,カイ,カイ
て,助詞,接続助詞,*,*,*,*,て,テ,テ
ある,動詞,非自立,*,*,五段・ラ行,基本形,ある,アル,アル
ぢ,名詞,一般,*,*,*,*,ぢ,ヂ,ジ
や,助詞,係助詞,*,*,*,*,や,ヤ,ヤ
ない,助動詞,*,*,*,特殊・ナイ,基本形,ない,ナイ,ナイ
か,助詞,副助詞／並立助詞／終助詞,*,*,*,*,か,カ,カ
」,記号,括弧閉,*,*,*,*,」,」,」
「,記号,括弧開,*,*,*,*,「,「,「
は,助詞,係助詞,*,*,*,*,は,ハ,ワ
いらう,動詞,自立,*,*,五段・ワ行促音便,基本形,いらう,イラウ,イラウ
ぢ,名詞,一般,*,*,*,*,ぢ,ヂ,ジ
や,助詞,係助詞,*,*,*,*,や,ヤ,ヤ
ない,助動詞,*,*,*,特殊・ナイ,基本形,ない,ナイ,ナイ
か,助詞,副助詞／並立助詞／終助詞,*,*,*,*,か,カ,カ
。,記号,句点,*,*,*,*,。,。,。
ぼく,名詞,代名詞,一般,*,*,*,ぼく,ボク,ボク
は,助詞,係助詞,*,*,*,*,は,ハ,ワ
もう,副詞,一般,*,*,*,*,もう,モウ,モー
何,名詞,代名詞,一般,*,*,*,何,ナニ,ナニ
か,助詞,副助詞／並立助詞／終助詞,*,*,*,*,か,カ,カ
喰,名詞,一般,*,*,*,*,喰,*,*
べ,助詞,終助詞,*,*,*,*,べ,ベ,ベ
たく,助動詞,*,*,*,特殊・タイ,連用テ接続,たい,タク,タク
て,助詞,接続助詞,*,*,*,*,て,テ,テ
倒れ,動詞,自立,*,*,一段,連用形,倒れる,タオレ,タオレ
さ,名詞,接尾,特殊,*,*,*,さ,サ,サ
うなん,動詞,自立,*,*,五段・ラ行,体言接続特殊,うなる,ウナン,ウナン
だ,助動詞,*,*,*,特殊・ダ,基本形,だ,ダ,ダ
。,記号,句点,*,*,*,*,。,。,。
」,記号,括弧閉,*,*,*,*,」,」,」
二,名詞,数,*,*,*,*,二,ニ,ニ
人,名詞,接尾,助数詞,*,*,*,人,ニン,ニン
は,助詞,係助詞,*,*,*,*,は,ハ,ワ
玄関,名詞,一般,*,*,*,*,玄関,ゲンカン,ゲンカン
に,助詞,格助詞,一般,*,*,*,に,ニ,ニ
立ち,動詞,自立,*,*,五段・タ行,連用形,立つ,タチ,タチ
まし,助動詞,*,*,*,特殊・マス,連用形,ます,マシ,マシ
た,助動詞,*,*,*,特殊・タ,基本形,た,タ,タ
。,記号,句点,*,*,*,*,。,。,。
玄関,名詞,一般,*,*,*,*,玄関,ゲンカン,ゲンカン
は,助詞,係助詞,*,*,*,*,は,ハ,ワ
白い,形容詞,自立,*,*,形容詞・アウオ段,基本形,白い,シロイ,シロイ
瀬戸,名詞,一般,*,*,*,*,瀬戸,セト,セト
の,助詞,連体化,*,*,*,*,の,ノ,ノ
煉瓦,名詞,一般,*,*,*,*,煉瓦,レンガ,レンガ
で,助詞,格助詞,一般,*,*,*,で,デ,デ
組ん,動詞,自立,*,*,五段・マ行,連用タ接続,組む,クン,クン
で,助詞,接続助詞,*,*,*,*,で,デ,デ
、,記号,読点,*,*,*,*,、,、,、
実に,副詞,一般,*,*,*,*,実に,ジツニ,ジツニ
立派,名詞,形容動詞語幹,*,*,*,*,立派,リッパ,リッパ
な,助動詞,*,*,*,特殊・ダ,体言接続,だ,ナ,ナ
もん,名詞,非自立,一般,*,*,*,もん,モン,モン
です,助動詞,*,*,*,特殊・デス,基本形,です,デス,デス
。,記号,句点,*,*,*,*,。,。,。
そして,接続詞,*,*,*,*,*,そして,ソシテ,ソシテ
硝子,名詞,一般,*,*,*,*,硝子,ガラス,ガラス
の,助詞,連体化,*,*,*,*,の,ノ,ノ
開き戸,名詞,一般,*,*,*,*,開き戸,ヒラキド,ヒラキド
が,助詞,格助詞,一般,*,*,*,が,ガ,ガ
たつ,動詞,自立,*,*,五段・タ行,基本形,たつ,タツ,タツ
て,助詞,接続助詞,*,*,*,*,て,テ,テ
、,記号,読点,*,*,*,*,、,、,、
そこ,名詞,代名詞,一般,*,*,*,そこ,ソコ,ソコ
に,助詞,格助詞,一般,*,*,*,に,ニ,ニ
金,名詞,固有名詞,人名,姓,*,*,金,キム,キム
文字,名詞,一般,*,*,*,*,文字,モジ,モジ
でかう,形容詞,自立,*,*,形容詞・アウオ段,連用ゴザイ接続,でかい,デカウ,デカー
書い,動詞,自立,*,*,五段・カ行イ音便,連用タ接続,書く,カイ,カイ
て,助詞,接続助詞,*,*,*,*,て,テ,テ
あり,動詞,非自立,*,*,五段・ラ行,連用形,ある,アリ,アリ
まし,助動詞,*,*,*,特殊・マス,連用形,ます,マシ,マシ
た,助動詞,*,*,*,特殊・タ,基本形,た,タ,タ
。,記号,句点,*,*,*,*,。,。,。
「,記号,括弧開,*,*,*,*,「,「,「
どなた,名詞,代名詞,一般,*,*,*,どなた,ドナタ,ドナタ
も,助詞,係助詞,*,*,*,*,も,モ,モ
どう,副詞,助詞類接続,*,*,*,*,どう,ドウ,ドー
かお,名詞,一般,*,*,*,*,かお,カオ,カオ
入り,名詞,接尾,サ変接続,*,*,*,入り,イリ,イリ
ください,動詞,自立,*,*,五段・ラ行特殊,命令ｉ,くださる,クダサイ,クダサイ
。,記号,句点,*,*,*,*,。,。,。
決して,副詞,一般,*,*,*,*,決して,ケッシテ,ケッシテ
ご,接頭詞,名詞接続,*,*,*,*,ご,ゴ,ゴ
遠慮,名詞,サ変接続,*,*,*,*,遠慮,エンリョ,エンリョ
は,助詞,係助詞,*,*,*,*,は,ハ,ワ
あり,動詞,自立,*,*,五段・ラ行,連用形,ある,アリ,アリ
ませ,助動詞,*,*,*,特殊・マス,未然形,ます,マセ,マセ
ん,助動詞,*,*,*,不変化型,基本形,ん,ン,ン
」,記号,括弧閉,*,*,*,*,」,」,」
二,名詞,数,*,*,*,*,二,ニ,ニ
人,名詞,接尾,助数詞,*,*,*,人,ニン,ニン
は,助詞,係助詞,*,*,*,*,は,ハ,ワ
そこで,接続詞,*,*,*,*,*,そこで,ソコデ,ソコデ
、,記号,読点,*,*,*,*,、,、,、
ひどく,形容詞,自立,*,*,形容詞・アウオ段,連用テ接続,ひどい,ヒドク,ヒドク
よろこん,動詞,自立,*,*,五段・バ行,連用タ接続,よろこぶ,ヨロコン,ヨロコン
で,助詞,接続助詞,*,*,*,*,で,デ,デ
言,名詞,一般,*,*,*,*,言,ゲン,ゲン
ひ,動詞,自立,*,*,一段,連用形,ひる,ヒ,ヒ
まし,助動詞,*,*,*,特殊・マス,連用形,ます,マシ,マシ
た,助動詞,*,*,*,特殊・タ,基本形,た,タ,タ
。,記号,句点,*,*,*,*,。,。,。
「,記号,括弧開,*,*,*,*,「,「,「
こいつ,名詞,一般,*,*,*,*,こいつ,コイツ,コイツ
は,助詞,係助詞,*,*,*,*,は,ハ,ワ
どう,副詞,助詞類接続,*,*,*,*,どう,ドウ,ドー
だ,助動詞,*,*,*,特殊・ダ,基本形,だ,ダ,ダ
、,記号,読点,*,*,*,*,、,、,、
やつ,名詞,代名詞,一般,*,*,*,やつ,ヤツ,ヤツ
ぱり,名詞,一般,*,*,*,*,ぱり,*,*
世の中,名詞,一般,*,*,*,*,世の中,ヨノナカ,ヨノナカ
は,助詞,係助詞,*,*,*,*,は,ハ,ワ
うまく,形容詞,自立,*,*,形容詞・アウオ段,連用テ接続,うまい,ウマク,ウマク
でき,動詞,自立,*,*,一段,連用形,できる,デキ,デキ
てる,動詞,非自立,*,*,一段,基本形,てる,テル,テル
ねえ,助詞,終助詞,*,*,*,*,ねえ,ネエ,ネー
、,記号,読点,*,*,*,*,、,、,、
け,助詞,終助詞,*,*,*,*,け,ケ,ケ
ふ,動詞,自立,*,*,五段・ラ行,体言接続特殊２,ふる,フ,フ
一,名詞,数,*,*,*,*,一,イチ,イチ
日,名詞,接尾,助数詞,*,*,*,日,ニチ,ニチ
な,助動詞,*,*,*,特殊・ダ,体言接続,だ,ナ,ナ
ん,名詞,非自立,一般,*,*,*,ん,ン,ン
ぎし,動詞,自立,*,*,五段・サ行,連用形,ぎす,ギシ,ギシ
た,助動詞,*,*,*,特殊・タ,基本形,た,タ,タ
けれど,助詞,接続助詞,*,*,*,*,けれど,ケレド,ケレド
、,記号,読点,*,*,*,*,、,、,、
こんど,名詞,副詞可能,*,*,*,*,こんど,コンド,コンド
は,助詞,係助詞,*,*,*,*,は,ハ,ワ
こん,動詞,自立,*,*,五段・マ行,連用タ接続,こむ,コン,コン
ない,助動詞,*,*,*,特殊・ナイ,基本形,ない,ナイ,ナイ
ゝ,記号,一般,*,*,*,*,ゝ,ゝ,ゝ
こと,名詞,非自立,一般,*,*,*,こと,コト,コト
も,助詞,係助詞,*,*,*,*,も,モ,モ
ある,動詞,自立,*,*,五段・ラ行,基本形,ある,アル,アル
。,記号,句点,*,*,*,*,。,。,。
この,連体詞,*,*,*,*,*,この,コノ,コノ
うち,名詞,非自立,副詞可能,*,*,*,うち,ウチ,ウチ
は,助詞,係助詞,*,*,*,*,は,ハ,ワ
料理,名詞,サ変接続,*,*,*,*,料理,リョウリ,リョーリ
店,名詞,接尾,一般,*,*,*,店,テン,テン
だ,助動詞,*,*,*,特殊・ダ,基本形,だ,ダ,ダ
けれども,助詞,接続助詞,*,*,*,*,けれども,ケレドモ,ケレドモ
た,助動詞,*,*,*,特殊・タ,基本形,た,タ,タ
ゞ,記号,一般,*,*,*,*,ゞ,ゞ,ゞ
で,助詞,格助詞,一般,*,*,*,で,デ,デ
ご馳走,名詞,サ変接続,*,*,*,*,ご馳走,ゴチソウ,ゴチソー
する,動詞,自立,*,*,サ変・スル,基本形,する,スル,スル
ん,名詞,非自立,一般,*,*,*,ん,ン,ン
だ,助動詞,*,*,*,特殊・ダ,基本形,だ,ダ,ダ
ぜ,助詞,終助詞,*,*,*,*,ぜ,ゼ,ゼ
。,記号,句点,*,*,*,*,。,。,。
」,記号,括弧閉,*,*,*,*,」,」,」
「,記号,括弧開,*,*,*,*,「,「,「
どう,副詞,助詞類接続,*,*,*,*,どう,ドウ,ドー
もさ,動詞,自立,*,*,五段・サ行,未然形,もす,モサ,モサ
う,助動詞,*,*,*,不変化型,基本形,う,ウ,ウ
らしい,助動詞,*,*,*,形容詞・イ段,基本形,らしい,ラシイ,ラシイ
。,記号,句点,*,*,*,*,。,。,。
決して,副詞,一般,*,*,*,*,決して,ケッシテ,ケッシテ
ご,接頭詞,名詞接続,*,*,*,*,ご,ゴ,ゴ
遠慮,名詞,サ変接続,*,*,*,*,遠慮,エンリョ,エンリョ
は,助詞,係助詞,*,*,*,*,は,ハ,ワ
あり,動詞,自立,*,*,五段・ラ行,連用形,ある,アリ,アリ
ませ,助動詞,*,*,*,特殊・マス,未然形,ます,マセ,マセ
ん,助動詞,*,*,*,不変化型,基本形,ん,ン,ン
といふ,助詞,格助詞,連語,*,*,*,といふ,トイフ,トユウ
の,名詞,非自立,一般,*,*,*,の,ノ,ノ
は,助詞,係助詞,*,*,*,*,は,ハ,ワ
その,連体詞,*,*,*,*,*,その,ソノ,ソノ
意味,名詞,サ変接続,*,*,*,*,意味,イミ,イミ
だ,助動詞,*,*,*,特殊・ダ,基本形,だ,ダ,ダ
。,記号,句点,*,*,*,*,。,。,。
」,記号,括弧閉,*,*,*,*,」,」,」
二,名詞,数,*,*,*,*,二,ニ,ニ
人,名詞,接尾,助数詞,*,*,*,人,ニン,ニン
は,助詞,係助詞,*,*,*,*,は,ハ,ワ
戸,名詞,一般,*,*,*,*,戸,ト,ト
を,助詞,格助詞,一般,*,*,*,を,ヲ,ヲ
押し,動詞,自立,*,*,五段・サ行,連用形,押す,オシ,オシ
て,助詞,接続助詞,*,*,*,*,て,テ,テ
、,記号,読点,*,*,*,*,、,、,、
なか,名詞,一般,*,*,*,*,なか,ナカ,ナカ
へ,助詞,格助詞,一般,*,*,*,へ,ヘ,エ
入り,動詞,自立,*,*,五段・ラ行,連用形,入る,ハイリ,ハイリ
まし,助動詞,*,*,*,特殊・マス,連用形,ます,マシ,マシ
た,助動詞,*,*,*,特殊・タ,基本形,た,タ,タ
。,記号,句点,*,*,*,*,。,。,。
そこ,名詞,代名詞,一般,*,*,*,そこ,ソコ,ソコ
は,助詞,係助詞,*,*,*,*,は,ハ,ワ
すぐ,副詞,助詞類接続,*,*,*,*,すぐ,スグ,スグ
廊下,名詞,一般,*,*,*,*,廊下,ロウカ,ローカ
に,助詞,格助詞,一般,*,*,*,に,ニ,ニ
な,助詞,終助詞,*,*,*,*,な,ナ,ナ
つて,名詞,一般,*,*,*,*,つて,ツテ,ツテ
ゐ,動詞,自立,*,*,一段,連用形,ゐる,ヰ,イ
まし,助動詞,*,*,*,特殊・マス,連用形,ます,マシ,マシ
た,助動詞,*,*,*,特殊・タ,基本形,た,タ,タ
。,記号,句点,*,*,*,*,。,。,。
その,連体詞,*,*,*,*,*,その,ソノ,ソノ
硝子,名詞,一般,*,*,*,*,硝子,ガラス,ガラス
戸,名詞,一般,*,*,*,*,戸,ト,ト
の,助詞,連体化,*,*,*,*,の,ノ,ノ
裏側,名詞,一般,*,*,*,*,裏側,ウラガワ,ウラガワ
に,助詞,格助詞,一般,*,*,*,に,ニ,ニ
は,助詞,係助詞,*,*,*,*,は,ハ,ワ
、,記号,読点,*,*,*,*,、,、,、
金,名詞,固有名詞,人名,姓,*,*,金,キム,キム
文字,名詞,一般,*,*,*,*,文字,モジ,モジ
で,助詞,格助詞,一般,*,*,*,で,デ,デ
かう,動詞,自立,*,*,五段・ワ行促音便,基本形,かう,カウ,カウ
な,助詞,終助詞,*,*,*,*,な,ナ,ナ
つて,名詞,一般,*,*,*,*,つて,ツテ,ツテ
ゐ,動詞,自立,*,*,一段,連用形,ゐる,ヰ,イ
まし,助動詞,*,*,*,特殊・マス,連用形,ます,マシ,マシ
た,助動詞,*,*,*,特殊・タ,基本形,た,タ,タ
。,記号,句点,*,*,*,*,。,。,。
「,記号,括弧開,*,*,*,*,「,「,「
ことに,副詞,一般,*,*,*,*,ことに,コトニ,コトニ
肥,名詞,一般,*,*,*,*,肥,コエ,コエ
つたお,動詞,自立,*,*,五段・ワ行促音便,未然ウ接続,つたう,ツタオ,ツタオ
方,名詞,接尾,特殊,*,*,*,方,カタ,カタ
や,助詞,並立助詞,*,*,*,*,や,ヤ,ヤ
若い,形容詞,自立,*,*,形容詞・アウオ段,基本形,若い,ワカイ,ワカイ
お方,名詞,一般,*,*,*,*,お方,オカタ,オカタ
は,助詞,係助詞,*,*,*,*,は,ハ,ワ
、,記号,読点,*,*,*,*,、,、,、
大,接頭詞,名詞接続,*,*,*,*,大,ダイ,ダイ
歓迎,名詞,サ変接続,*,*,*,*,歓迎,カンゲイ,カンゲイ
いたし,動詞,非自立,*,*,五段・サ行,連用形,いたす,イタシ,イタシ
ます,助動詞,*,*,*,特殊・マス,基本形,ます,マス,マス
」,記号,括弧閉,*,*,*,*,」,」,」
二,名詞,数,*,*,*,*,二,ニ,ニ
人,名詞,接尾,助数詞,*,*,*,人,ニン,ニン
は,助詞,係助詞,*,*,*,*,は,ハ,ワ
大,接頭詞,名詞接続,*,*,*,*,大,ダイ,ダイ
歓迎,名詞,サ変接続,*,*,*,*,歓迎,カンゲイ,カンゲイ
と,助詞,格助詞,引用,*,*,*,と,ト,ト
いふ,動詞,自立,*,*,四段・ハ行,基本形,いふ,イフ,ユウ
ので,助詞,接続助詞,*,*,*,*,ので,ノデ,ノデ
、,記号,読点,*,*,*,*,、,、,、
もう,副詞,一般,*,*,*,*,もう,モウ,モー
大,接頭詞,名詞接続,*,*,*,*,大,ダイ,ダイ
よろこび,動詞,自立,*,*,五段・バ行,連用形,よろこぶ,ヨロコビ,ヨロコビ
です,助動詞,*,*,*,特殊・デス,基本形,です,デス,デス
。,記号,句点,*,*,*,*,。,。,。
「,記号,括弧開,*,*,*,*,「,「,「
君,名詞,代名詞,一般,*,*,*,君,キミ,キミ
、,記号,読点,*,*,*,*,、,、,、
ぼく,名詞,代名詞,一般,*,*,*,ぼく,ボク,ボク
ら,名詞,接尾,一般,*,*,*,ら,ラ,ラ
は,助詞,係助詞,*,*,*,*,は,ハ,ワ
大,接頭詞,名詞接続,*,*,*,*,大,ダイ,ダイ
歓迎,名詞,サ変接続,*,*,*,*,歓迎,カンゲイ,カンゲイ
に,助詞,格助詞,一般,*,*,*,に,ニ,ニ
あ,フィラー,*,*,*,*,*,あ,ア,ア
たつ,動詞,自立,*,*,五段・タ行,基本形,たつ,タツ,タツ
て,助詞,接続助詞,*,*,*,*,て,テ,テ
ゐる,動詞,自立,*,*,一段,基本形,ゐる,ヰル,イル
の,名詞,非自立,一般,*,*,*,の,ノ,ノ
だ,助動詞,*,*,*,特殊・ダ,基本形,だ,ダ,ダ
。,記号,句点,*,*,*,*,。,。,。
」,記号,括弧閉,*,*,*,*,」,」,」
「,記号,括弧開,*,*,*,*,「,「,「
ぼく,名詞,代名詞,一般,*,*,*,ぼく,ボク,ボク
ら,名詞,接尾,一般,*,*,*,ら,ラ,ラ
は,助詞,係助詞,*,*,*,*,は,ハ,ワ
両方,名詞,一般,*,*,*,*,両方,リョウホウ,リョーホー
兼ね,動詞,自立,*,*,一段,連用形,兼ねる,カネ,カネ
てる,動詞,非自立,*,*,一段,基本形,てる,テル,テル
から,助詞,接続助詞,*,*,*,*,から,カラ,カラ
」,記号,括弧閉,*,*,*,*,」,」,」
ずんずん,副詞,一般,*,*,*,*,ずんずん,ズンズン,ズンズン
廊下,名詞,一般,*,*,*,*,廊下,ロウカ,ローカ
を,助詞,格助詞,一般,*,*,*,を,ヲ,ヲ
進ん,動詞,自立,*,*,五段・マ行,連用タ接続,進む,ススン,ススン
で,助詞,接続助詞,*,*,*,*,で,デ,デ
行き,動詞,非自立,*,*,五段・カ行促音便,連用形,行く,イキ,イキ
ます,助動詞,*,*,*,特殊・マス,基本形,ます,マス,マス
と,助詞,接続助詞,*,*,*,*,と,ト,ト
、,記号,読点,*,*,*,*,、,、,、
こんど,名詞,副詞可能,*,*,*,*,こんど,コンド,コンド
は,助詞,係助詞,*,*,*,*,は,ハ,ワ
水,名詞,一般,*,*,*,*,水,ミズ,ミズ
いろ,動詞,自立,*,*,一段,命令ｒｏ,いる,イロ,イロ
の,助詞,連体化,*,*,*,*,の,ノ,ノ
ペンキ,名詞,一般,*,*,*,*,ペンキ,ペンキ,ペンキ
塗り,名詞,接尾,一般,*,*,*,塗り,ヌリ,ヌリ
の,助詞,連体化,*,*,*,*,の,ノ,ノ
扉,名詞,一般,*,*,*,*,扉,トビラ,トビラ
が,助詞,格助詞,一般,*,*,*,が,ガ,ガ
あり,動詞,自立,*,*,五段・ラ行,連用形,ある,アリ,アリ
まし,助動詞,*,*,*,特殊・マス,連用形,ます,マシ,マシ
た,助動詞,*,*,*,特殊・タ,基本形,た,タ,タ
。,記号,句点,*,*,*,*,。,。,。
「,記号,括弧開,*,*,*,*,「,「,「
どうも,副詞,一般,*,*,*,*,どうも,ドウモ,ドーモ
変,名詞,形容動詞語幹,*,*,*,*,変,ヘン,ヘン
な,助動詞,*,*,*,特殊・ダ,体言接続,だ,ナ,ナ
家,名詞,一般,*,*,*,*,家,イエ,イエ
だ,助動詞,*,*,*,特殊・ダ,基本形,だ,ダ,ダ
。,記号,句点,*,*,*,*,。,。,。
どうして,副詞,一般,*,*,*,*,どうして,ドウシテ,ドーシテ
こんなに,副詞,助詞類接続,*,*,*,*,こんなに,コンナニ,コンナニ
たくさん,名詞,副詞可能,*,*,*,*,たくさん,タクサン,タクサン
戸,名詞,一般,*,*,*,*,戸,ト,ト
が,助詞,格助詞,一般,*,*,*,が,ガ,ガ
ある,動詞,自立,*,*,五段・ラ行,基本形,ある,アル,アル
の,名詞,非自立,一般,*,*,*,の,ノ,ノ
だら,助動詞,*,*,*,特殊・ダ,未然形,だ,ダラ,ダラ
う,助動詞,*,*,*,不変化型,基本形,う,ウ,ウ
。,記号,句点,*,*,*,*,。,。,。
」,記号,括弧閉,*,*,*,*,」,」,」
「,記号,括弧開,*,*,*,*,「,「,「
これ,名詞,代名詞,一般,*,*,*,これ,コレ,コレ
は,助詞,係助詞,*,*,*,*,は,ハ,ワ
ロシア,名詞,固有名詞,地域,国,*,*,ロシア,ロシア,ロシア
式,名詞,接尾,一般,*,*,*,式,シキ,シキ
だ,助動詞,*,*,*,特殊・ダ,基本形,だ,ダ,ダ
。,記号,句点,*,*,*,*,。,。,。
寒い,形容詞,自立,*,*,形容詞・アウオ段,基本形,寒い,サムイ,サムイ
とこ,名詞,一般,*,*,*,*,とこ,トコ,トコ
や,助詞,並立助詞,*,*,*,*,や,ヤ,ヤ
山,名詞,一般,*,*,*,*,山,ヤマ,ヤマ
の,助詞,連体化,*,*,*,*,の,ノ,ノ
中,名詞,非自立,副詞可能,*,*,*,中,ナカ,ナカ
は,助詞,係助詞,*,*,*,*,は,ハ,ワ
みんな,名詞,代名詞,一般,*,*,*,みんな,ミンナ,ミンナ
か,助詞,副助詞／並立助詞／終助詞,*,*,*,*,か,カ,カ
うさ,名詞,一般,*,*,*,*,うさ,ウサ,ウサ
。,記号,句点,*,*,*,*,。,。,。
」,記号,括弧閉,*,*,*,*,」,」,」
そして,接続詞,*,*,*,*,*,そして,ソシテ,ソシテ
二,名詞,数,*,*,*,*,二,ニ,ニ
人,名詞,接尾,助数詞,*,*,*,人,ニン,ニン
は,助詞,係助詞,*,*,*,*,は,ハ,ワ
その,連体詞,*,*,*,*,*,その,ソノ,ソノ
扉,名詞,一般,*,*,*,*,扉,トビラ,トビラ
を,助詞,格助詞,一般,*,*,*,を,ヲ,ヲ
あけよ,動詞,自立,*,*,一段,未然ウ接続,あける,アケヨ,アケヨ
う,助動詞,*,*,*,不変化型,基本形,う,ウ,ウ
と,助詞,格助詞,引用,*,*,*,と,ト,ト
し,動詞,自立,*,*,サ変・スル,連用形,する,シ,シ
ます,助動詞,*,*,*,特殊・マス,基本形,ます,マス,マス
と,助詞,接続助詞,*,*,*,*,と,ト,ト
、,記号,読点,*,*,*,*,、,、,、
上,名詞,一般,*,*,*,*,上,ウエ,ウエ
に,助詞,格助詞,一般,*,*,*,に,ニ,ニ
黄いろ,名詞,形容動詞語幹,*,*,*,*,黄いろ,キイロ,キイロ
な,助動詞,*,*,*,特殊・ダ,体言接続,だ,ナ,ナ
字,名詞,一般,*,*,*,*,字,ジ,ジ
でかう,形容詞,自立,*,*,形容詞・アウオ段,連用ゴザイ接続,でかい,デカウ,デカー
書い,動詞,自立,*,*,五段・カ行イ音便,連用タ接続,書く,カイ,カイ
て,助詞,接続助詞,*,*,*,*,て,テ,テ
あり,動詞,非自立,*,*,五段・ラ行,連用形,ある,アリ,アリ
まし,助動詞,*,*,*,特殊・マス,連用形,ます,マシ,マシ
た,助動詞,*,*,*,特殊・タ,基本形,た,タ,タ
。,記号,句点,*,*,*,*,。,。,。
「,記号,括弧開,*,*,*,*,「,「,「
当,接頭詞,名詞接続,*,*,*,*,当,トウ,トー
軒,名詞,一般,*,*,*,*,軒,ノキ,ノキ
は,助詞,係助詞,*,*,*,*,は,ハ,ワ
注文,名詞,サ変接続,*,*,*,*,注文,チュウモン,チューモン
の,助詞,格助詞,一般,*,*,*,の,ノ,ノ
多い,形容詞,自立,*,*,形容詞・アウオ段,基本形,多い,オオイ,オーイ
料理,名詞,サ変接続,*,*,*,*,料理,リョウリ,リョーリ
店,名詞,接尾,一般,*,*,*,店,テン,テン
です,助動詞,*,*,*,特殊・デス,基本形,です,デス,デス
から,助詞,接続助詞,*,*,*,*,から,カラ,カラ
どうか,副詞,一般,*,*,*,*,どうか,ドウカ,ドーカ
そこ,名詞,代名詞,一般,*,*,*,そこ,ソコ,ソコ
は,助詞,係助詞,*,*,*,*,は,ハ,ワ
ご,接頭詞,名詞接続,*,*,*,*,ご,ゴ,ゴ
承知,名詞,サ変接続,*,*,*,*,承知,ショウチ,ショーチ
ください,動詞,非自立,*,*,五段・ラ行特殊,命令ｉ,くださる,クダサイ,クダサイ
」,記号,括弧閉,*,*,*,*,」,」,」
「,記号,括弧開,*,*,*,*,「,「,「
なかなか,副詞,助詞類接続,*,*,*,*,なかなか,ナカナカ,ナカナカ
は,助詞,係助詞,*,*,*,*,は,ハ,ワ
やつ,名詞,代名詞,一般,*,*,*,やつ,ヤツ,ヤツ
てる,動詞,非自立,*,*,一段,基本形,てる,テル,テル
ん,名詞,非自立,一般,*,*,*,ん,ン,ン
だ,助動詞,*,*,*,特殊・ダ,基本形,だ,ダ,ダ
。,記号,句点,*,*,*,*,。,。,。
こんな,連体詞,*,*,*,*,*,こんな,コンナ,コンナ
山,名詞,一般,*,*,*,*,山,ヤマ,ヤマ
の,助詞,連体化,*,*,*,*,の,ノ,ノ
中,名詞,非自立,副詞可能,*,*,*,中,ナカ,ナカ
で,助詞,格助詞,一般,*,*,*,で,デ,デ
。,記号,句点,*,*,*,*,。,。,。
」,記号,括弧閉,*,*,*,*,」,」,」
「,記号,括弧開,*,*,*,*,「,「,「
それ,名詞,代名詞,一般,*,*,*,それ,ソレ,ソレ
あさう,形容詞,自立,*,*,形容詞・アウオ段,連用ゴザイ接続,あさい,アサウ,アサー
だ,助動詞,*,*,*,特殊・ダ,基本形,だ,ダ,ダ
。,記号,句点,*,*,*,*,。,。,。
見,動詞,自立,*,*,一段,連用形,見る,ミ,ミ
たま,名詞,一般,*,*,*,*,たま,タマ,タマ
へ,助詞,格助詞,一般,*,*,*,へ,ヘ,エ
、,記号,読点,*,*,*,*,、,、,、
東京,名詞,固有名詞,地域,一般,*,*,東京,トウキョウ,トーキョー
の,助詞,連体化,*,*,*,*,の,ノ,ノ
大きな,連体詞,*,*,*,*,*,大きな,オオキナ,オーキナ
料理,名詞,サ変接続,*,*,*,*,料理,リョウリ,リョーリ
屋,名詞,接尾,一般,*,*,*,屋,ヤ,ヤ
だ,助動詞,*,*,*,特殊・ダ,基本形,だ,ダ,ダ
つて,名詞,一般,*,*,*,*,つて,ツテ,ツテ
大通り,名詞,一般,*,*,*,*,大通り,オオドオリ,オードーリ
に,助詞,格助詞,一般,*,*,*,に,ニ,ニ
は,助詞,係助詞,*,*,*,*,は,ハ,ワ
すく,形容詞,自立,*,*,形容詞・アウオ段,連用テ接続,すい,スク,スク
ない,助動詞,*,*,*,特殊・ナイ,基本形,ない,ナイ,ナイ
だら,助動詞,*,*,*,特殊・ダ,未然形,だ,ダラ,ダラ
う,助動詞,*,*,*,不変化型,基本形,う,ウ,ウ
」,記号,括弧閉,*,*,*,*,」,」,」
二,名詞,数,*,*,*,*,二,ニ,ニ
人,名詞,接尾,助数詞,*,*,*,人,ニン,ニン
は,助詞,係助詞,*,*,*,*,は,ハ,ワ
云,名詞,一般,*,*,*,*,云,ウン,ウン
ひ,動詞,自立,*,*,一段,連用形,ひる,ヒ,ヒ
ながら,助詞,接続助詞,*,*,*,*,ながら,ナガラ,ナガラ
、,記号,読点,*,*,*,*,、,、,、
その,連体詞,*,*,*,*,*,その,ソノ,ソノ
扉,名詞,一般,*,*,*,*,扉,トビラ,トビラ
を,助詞,格助詞,一般,*,*,*,を,ヲ,ヲ
あけ,動詞,自立,*,*,一段,連用形,あける,アケ,アケ
まし,助動詞,*,*,*,特殊・マス,連用形,ます,マシ,マシ
た,助動詞,*,*,*,特殊・タ,基本形,た,タ,タ
。,記号,句点,*,*,*,*,。,。,。
すると,接続詞,*,*,*,*,*,すると,スルト,スルト
その,連体詞,*,*,*,*,*,その,ソノ,ソノ
裏側,名詞,一般,*,*,*,*,裏側,ウラガワ,ウラガワ
に,助詞,格助詞,一般,*,*,*,に,ニ,ニ
、,記号,読点,*,*,*,*,、,、,、
「,記号,括弧開,*,*,*,*,「,「,「
注文,名詞,サ変接続,*,*,*,*,注文,チュウモン,チューモン
はず,名詞,非自立,一般,*,*,*,はず,ハズ,ハズ
ゐ,動詞,自立,*,*,一段,連用形,ゐる,ヰ,イ
ぶん,名詞,一般,*,*,*,*,ぶん,ブン,ブン
多い,形容詞,自立,*,*,形容詞・アウオ段,基本形,多い,オオイ,オーイ
で,助詞,格助詞,一般,*,*,*,で,デ,デ
せ,動詞,自立,*,*,サ変・スル,未然ヌ接続,する,セ,セ
う,助動詞,*,*,*,不変化型,基本形,う,ウ,ウ
が,助詞,接続助詞,*,*,*,*,が,ガ,ガ
どうか,副詞,一般,*,*,*,*,どうか,ドウカ,ドーカ
一々,副詞,一般,*,*,*,*,一々,イチイチ,イチイチ
こらえ,動詞,自立,*,*,一段,連用形,こらえる,コラエ,コラエ
て,助詞,接続助詞,*,*,*,*,て,テ,テ
下さい,動詞,非自立,*,*,五段・ラ行特殊,命令ｉ,下さる,クダサイ,クダサイ
。,記号,句点,*,*,*,*,。,。,。
」,記号,括弧閉,*,*,*,*,」,」,」
「,記号,括弧開,*,*,*,*,「,「,「
これ,名詞,代名詞,一般,*,*,*,これ,コレ,コレ
は,助詞,係助詞,*,*,*,*,は,ハ,ワ
ぜんたい,名詞,副詞可能,*,*,*,*,ぜんたい,ゼンタイ,ゼンタイ
どう,副詞,助詞類接続,*,*,*,*,どう,ドウ,ドー
いふ,動詞,自立,*,*,四段・ハ行,基本形,いふ,イフ,ユウ
ん,名詞,非自立,一般,*,*,*,ん,ン,ン
だ,助動詞,*,*,*,特殊・ダ,基本形,だ,ダ,ダ
。,記号,句点,*,*,*,*,。,。,。
」,記号,括弧閉,*,*,*,*,」,」,」
ひとり,名詞,一般,*,*,*,*,ひとり,ヒトリ,ヒトリ
の,助詞,連体化,*,*,*,*,の,ノ,ノ
紳士,名詞,一般,*,*,*,*,紳士,シンシ,シンシ
は,助詞,係助詞,*,*,*,*,は,ハ,ワ
顔,名詞,一般,*,*,*,*,顔,カオ,カオ
を,助詞,格助詞,一般,*,*,*,を,ヲ,ヲ
しかめ,動詞,自立,*,*,一段,連用形,しかめる,シカメ,シカメ
まし,助動詞,*,*,*,特殊・マス,連用形,ます,マシ,マシ
た,助動詞,*,*,*,特殊・タ,基本形,た,タ,タ
。,記号,句点,*,*,*,*,。,。,。
「,記号,括弧開,*,*,*,*,「,「,「
うん,感動詞,*,*,*,*,*,うん,ウン,ウン
、,記号,読点,*,*,*,*,、,、,、
これ,名詞,代名詞,一般,*,*,*,これ,コレ,コレ
は,助詞,係助詞,*,*,*,*,は,ハ,ワ
き,動詞,自立,*,*,カ変・クル,連用形,くる,キ,キ
つ,助動詞,*,*,*,下二・タ行,基本形,つ,ツ,ツ
と,助詞,格助詞,引用,*,*,*,と,ト,ト
注文,名詞,サ変接続,*,*,*,*,注文,チュウモン,チューモン
が,助詞,格助詞,一般,*,*,*,が,ガ,ガ
あまり,副詞,助詞類接続,*,*,*,*,あまり,アマリ,アマリ
多く,形容詞,自立,*,*,形容詞・アウオ段,連用テ接続,多い,オオク,オーク
て,助詞,接続助詞,*,*,*,*,て,テ,テ
支度,名詞,サ変接続,*,*,*,*,支度,シタク,シタク
が,助詞,格助詞,一般,*,*,*,が,ガ,ガ
手間取る,動詞,自立,*,*,五段・ラ行,基本形,手間取る,テマドル,テマドル
けれども,助詞,接続助詞,*,*,*,*,けれども,ケレドモ,ケレドモ
ごめん,感動詞,*,*,*,*,*,ごめん,ゴメン,ゴメン
下さい,動詞,非自立,*,*,五段・ラ行特殊,命令ｉ,下さる,クダサイ,クダサイ
と,助詞,格助詞,引用,*,*,*,と,ト,ト
斯,名詞,一般,*,*,*,*,斯,*,*
う,感動詞,*,*,*,*,*,う,ウ,ウ
いふ,動詞,自立,*,*,四段・ハ行,基本形,いふ,イフ,ユウ
こと,名詞,非自立,一般,*,*,*,こと,コト,コト
だ,助動詞,*,*,*,特殊・ダ,基本形,だ,ダ,ダ
。,記号,句点,*,*,*,*,。,。,。
」,記号,括弧閉,*,*,*,*,」,」,」
「,記号,括弧開,*,*,*,*,「,「,「
さ,副詞,助詞類接続,*,*,*,*,さ,サ,サ
うだら,動詞,自立,*,*,五段・ラ行,未然形,うだる,ウダラ,ウダラ
う,助動詞,*,*,*,不変化型,基本形,う,ウ,ウ
。,記号,句点,*,*,*,*,。,。,。
早く,形容詞,自立,*,*,形容詞・アウオ段,連用テ接続,早い,ハヤク,ハヤク
どこ,名詞,代名詞,一般,*,*,*,どこ,ドコ,ドコ
か,助詞,副助詞／並立助詞／終助詞,*,*,*,*,か,カ,カ
室,名詞,接尾,一般,*,*,*,室,シツ,シツ
の,助詞,連体化,*,*,*,*,の,ノ,ノ
中,名詞,非自立,副詞可能,*,*,*,中,ナカ,ナカ
に,助詞,格助詞,一般,*,*,*,に,ニ,ニ
は,助詞,係助詞,*,*,*,*,は,ハ,ワ
ひり,動詞,自立,*,*,五段・ラ行,連用形,ひる,ヒリ,ヒリ
たい,助動詞,*,*,*,特殊・タイ,基本形,たい,タイ,タイ
もん,名詞,非自立,一般,*,*,*,もん,モン,モン
だ,助動詞,*,*,*,特殊・ダ,基本形,だ,ダ,ダ
な,助詞,終助詞,*,*,*,*,な,ナ,ナ
。,記号,句点,*,*,*,*,。,。,。
」,記号,括弧閉,*,*,*,*,」,」,」
「,記号,括弧開,*,*,*,*,「,「,「
そして,接続詞,*,*,*,*,*,そして,ソシテ,ソシテ
テーブル,名詞,一般,*,*,*,*,テーブル,テーブル,テーブル
に,助詞,格助詞,一般,*,*,*,に,ニ,ニ
座り,動詞,自立,*,*,五段・ラ行,連用形,座る,スワリ,スワリ
たい,助動詞,*,*,*,特殊・タイ,基本形,たい,タイ,タイ
もん,名詞,非自立,一般,*,*,*,もん,モン,モン
だ,助動詞,*,*,*,特殊・ダ,基本形,だ,ダ,ダ
な,助詞,終助詞,*,*,*,*,な,ナ,ナ
。,記号,句点,*,*,*,*,。,。,。
」,記号,括弧閉,*,*,*,*,」,」,」
ところが,接続詞,*,*,*,*,*,ところが,トコロガ,トコロガ
どうも,副詞,一般,*,*,*,*,どうも,ドウモ,ドーモ
うるさい,形容詞,自立,*,*,形容詞・アウオ段,基本形,うるさい,ウルサイ,ウルサイ
こと,名詞,非自立,一般,*,*,*,こと,コト,コト
は,助詞,係助詞,*,*,*,*,は,ハ,ワ
、,記号,読点,*,*,*,*,、,、,、
また,接続詞,*,*,*,*,*,また,マタ,マタ
扉,名詞,一般,*,*,*,*,扉,トビラ,トビラ
が,助詞,格助詞,一般,*,*,*,が,ガ,ガ
一つ,名詞,一般,*,*,*,*,一つ,ヒトツ,ヒトツ
あり,動詞,自立,*,*,五段・ラ行,連用形,ある,アリ,アリ
まし,助動詞,*,*,*,特殊・マス,連用形,ます,マシ,マシ
た,助動詞,*,*,*,特殊・タ,基本形,た,タ,タ
。,記号,句点,*,*,*,*,。,。,。
そして,接続詞,*,*,*,*,*,そして,ソシテ,ソシテ
その,連体詞,*,*,*,*,*,その,ソノ,ソノ
わき,名詞,一般,*,*,*,*,わき,ワキ,ワキ
に,助詞,格助詞,一般,*,*,*,に,ニ,ニ
鏡,名詞,一般,*,*,*,*,鏡,カガミ,カガミ
が,助詞,格助詞,一般,*,*,*,が,ガ,ガ
か,助詞,副助詞／並立助詞／終助詞,*,*,*,*,か,カ,カ
ゝ,記号,一般,*,*,*,*,ゝ,ゝ,ゝ
つて,名詞,一般,*,*,*,*,つて,ツテ,ツテ
、,記号,読点,*,*,*,*,、,、,、
その,連体詞,*,*,*,*,*,その,ソノ,ソノ
下,名詞,一般,*,*,*,*,下,シタ,シタ
に,助詞,格助詞,一般,*,*,*,に,ニ,ニ
は,助詞,係助詞,*,*,*,*,は,ハ,ワ
長い,形容詞,自立,*,*,形容詞・アウオ段,基本形,長い,ナガイ,ナガイ
柄,名詞,一般,*,*,*,*,柄,エ,エ
の,助詞,格助詞,一般,*,*,*,の,ノ,ノ
つい,動詞,自立,*,*,五段・カ行イ音便,連用タ接続,つく,ツイ,ツイ
た,助動詞,*,*,*,特殊・タ,基本形,た,タ,タ
ブラシ,名詞,一般,*,*,*,*,ブラシ,ブラシ,ブラシ
が,助詞,格助詞,一般,*,*,*,が,ガ,ガ
置い,動詞,自立,*,*,五段・カ行イ音便,連用タ接続,置く,オイ,オイ
て,助詞,接続助詞,*,*,*,*,て,テ,テ
あつ,形容詞,自立,*,*,形容詞・アウオ段,ガル接続,あつい,アツ,アツ
た,助動詞,*,*,*,特殊・タ,基本形,た,タ,タ
の,名詞,非自立,一般,*,*,*,の,ノ,ノ
です,助動詞,*,*,*,特殊・デス,基本形,です,デス,デス
。,記号,句点,*,*,*,*,。,。,。
扉,名詞,一般,*,*,*,*,扉,トビラ,トビラ
に,助詞,格助詞,一般,*,*,*,に,ニ,ニ
は,助詞,係助詞,*,*,*,*,は,ハ,ワ
赤い,形容詞,自立,*,*,形容詞・アウオ段,基本形,赤い,アカイ,アカイ
字,名詞,一般,*,*,*,*,字,ジ,ジ
で,助詞,格助詞,一般,*,*,*,で,デ,デ
、,記号,読点,*,*,*,*,、,、,、
「,記号,括弧開,*,*,*,*,「,「,「
お客,名詞,一般,*,*,*,*,お客,オキャク,オキャク
さま,名詞,接尾,人名,*,*,*,さま,サマ,サマ
が,助詞,格助詞,一般,*,*,*,が,ガ,ガ
た,助動詞,*,*,*,特殊・タ,基本形,た,タ,タ
、,記号,読点,*,*,*,*,、,、,、
こ,名詞,一般,*,*,*,*,こ,コ,コ
ゝ,記号,一般,*,*,*,*,ゝ,ゝ,ゝ
で,助詞,格助詞,一般,*,*,*,で,デ,デ
髪,名詞,一般,*,*,*,*,髪,カミ,カミ
を,助詞,格助詞,一般,*,*,*,を,ヲ,ヲ
きちんと,副詞,一般,*,*,*,*,きちんと,キチント,キチント
し,動詞,自立,*,*,サ変・スル,連用形,する,シ,シ
て,助詞,接続助詞,*,*,*,*,て,テ,テ
、,記号,読点,*,*,*,*,、,、,、
それ,名詞,代名詞,一般,*,*,*,それ,ソレ,ソレ
から,助詞,格助詞,一般,*,*,*,から,カラ,カラ
は,助詞,係助詞,*,*,*,*,は,ハ,ワ
きもの,名詞,一般,*,*,*,*,きもの,キモノ,キモノ
の,助詞,連体化,*,*,*,*,の,ノ,ノ
泥,名詞,一般,*,*,*,*,泥,ドロ,ドロ
を,助詞,格助詞,一般,*,*,*,を,ヲ,ヲ
落し,動詞,自立,*,*,五段・サ行,連用形,落す,オトシ,オトシ
て,助詞,接続助詞,*,*,*,*,て,テ,テ
ください,動詞,非自立,*,*,五段・ラ行特殊,命令ｉ,くださる,クダサイ,クダサイ
。,記号,句点,*,*,*,*,。,。,。
」,記号,括弧閉,*,*,*,*,」,」,」
と,助詞,格助詞,引用,*,*,*,と,ト,ト
書い,動詞,自立,*,*,五段・カ行イ音便,連用タ接続,書く,カイ,カイ
て,助詞,接続助詞,*,*,*,*,て,テ,テ
あり,動詞,非自立,*,*,五段・ラ行,連用形,ある,アリ,アリ
まし,助動詞,*,*,*,特殊・マス,連用形,ます,マシ,マシ
た,助動詞,*,*,*,特殊・タ,基本形,た,タ,タ
。,記号,句点,*,*,*,*,。,。,。
「,記号,括弧開,*,*,*,*,「,「,「
これ,名詞,代名詞,一般,*,*,*,これ,コレ,コレ
は,助詞,係助詞,*,*,*,*,は,ハ,ワ
どうも,副詞,一般,*,*,*,*,どうも,ドウモ,ドーモ
尤も,名詞,形容動詞語幹,*,*,*,*,尤も,モットモ,モットモ
だ,助動詞,*,*,*,特殊・ダ,基本形,だ,ダ,ダ
。,記号,句点,*,*,*,*,。,。,。
僕,名詞,代名詞,一般,*,*,*,僕,ボク,ボク
も,助詞,係助詞,*,*,*,*,も,モ,モ
さつき,名詞,固有名詞,地域,一般,*,*,さつき,サツキ,サツキ
玄関,名詞,一般,*,*,*,*,玄関,ゲンカン,ゲンカン
で,助詞,格助詞,一般,*,*,*,で,デ,デ
、,記号,読点,*,*,*,*,、,、,、
山,名詞,一般,*,*,*,*,山,ヤマ,ヤマ
の,助詞,連体化,*,*,*,*,の,ノ,ノ
なか,名詞,非自立,副詞可能,*,*,*,なか,ナカ,ナカ
だ,助動詞,*,*,*,特殊・ダ,基本形,だ,ダ,ダ
と,助詞,格助詞,引用,*,*,*,と,ト,ト
お,接頭詞,名詞接続,*,*,*,*,お,オ,オ
もつ,名詞,一般,*,*,*,*,もつ,モツ,モツ
て,助詞,格助詞,連語,*,*,*,て,テ,テ
見くび,動詞,自立,*,*,五段・ラ行,体言接続特殊２,見くびる,ミクビ,ミクビ
つ,助動詞,*,*,*,下二・タ行,基本形,つ,ツ,ツ
た,助動詞,*,*,*,特殊・タ,基本形,た,タ,タ
ん,名詞,非自立,一般,*,*,*,ん,ン,ン
だ,助動詞,*,*,*,特殊・ダ,基本形,だ,ダ,ダ
よ,助詞,終助詞,*,*,*,*,よ,ヨ,ヨ
」,記号,括弧閉,*,*,*,*,」,」,」
「,記号,括弧開,*,*,*,*,「,「,「
作法,名詞,一般,*,*,*,*,作法,サホウ,サホー
の,助詞,連体化,*,*,*,*,の,ノ,ノ
厳しい,形容詞,自立,*,*,形容詞・イ段,基本形,厳しい,キビシイ,キビシイ
家,名詞,一般,*,*,*,*,家,イエ,イエ
だ,助動詞,*,*,*,特殊・ダ,基本形,だ,ダ,ダ
。,記号,句点,*,*,*,*,。,。,。
きつ,形容詞,自立,*,*,形容詞・アウオ段,ガル接続,きつい,キツ,キツ
と,助詞,格助詞,引用,*,*,*,と,ト,ト
よほど,副詞,一般,*,*,*,*,よほど,ヨホド,ヨホド
偉い,形容詞,自立,*,*,形容詞・アウオ段,基本形,偉い,エライ,エライ
人,名詞,一般,*,*,*,*,人,ヒト,ヒト
たち,名詞,接尾,一般,*,*,*,たち,タチ,タチ
が,助詞,格助詞,一般,*,*,*,が,ガ,ガ
、,記号,読点,*,*,*,*,、,、,、
たびたび,副詞,助詞類接続,*,*,*,*,たびたび,タビタビ,タビタビ
来る,動詞,自立,*,*,カ変・来ル,基本形,来る,クル,クル
ん,名詞,非自立,一般,*,*,*,ん,ン,ン
だ,助動詞,*,*,*,特殊・ダ,基本形,だ,ダ,ダ
。,記号,句点,*,*,*,*,。,。,。
」,記号,括弧閉,*,*,*,*,」,」,」
そこで,接続詞,*,*,*,*,*,そこで,ソコデ,ソコデ
二,名詞,数,*,*,*,*,二,ニ,ニ
人,名詞,接尾,助数詞,*,*,*,人,ニン,ニン
は,助詞,係助詞,*,*,*,*,は,ハ,ワ
、,記号,読点,*,*,*,*,、,、,、
きれい,名詞,形容動詞語幹,*,*,*,*,きれい,キレイ,キレイ
に,助詞,副詞化,*,*,*,*,に,ニ,ニ
髪,名詞,一般,*,*,*,*,髪,カミ,カミ
を,助詞,格助詞,一般,*,*,*,を,ヲ,ヲ
け,助詞,終助詞,*,*,*,*,け,ケ,ケ
づつて,名詞,一般,*,*,*,*,づつて,*,*
、,記号,読点,*,*,*,*,、,、,、
靴,名詞,一般,*,*,*,*,靴,クツ,クツ
の,助詞,連体化,*,*,*,*,の,ノ,ノ
泥,名詞,一般,*,*,*,*,泥,ドロ,ドロ
を,助詞,格助詞,一般,*,*,*,を,ヲ,ヲ
落し,動詞,自立,*,*,五段・サ行,連用形,落す,オトシ,オトシ
まし,助動詞,*,*,*,特殊・マス,連用形,ます,マシ,マシ
た,助動詞,*,*,*,特殊・タ,基本形,た,タ,タ
。,記号,句点,*,*,*,*,。,。,。
そしたら,接続詞,*,*,*,*,*,そしたら,ソシタラ,ソシタラ
、,記号,読点,*,*,*,*,、,、,、
どう,副詞,助詞類接続,*,*,*,*,どう,ドウ,ドー
です,助動詞,*,*,*,特殊・デス,基本形,です,デス,デス
。,記号,句点,*,*,*,*,。,。,。
ブラシ,名詞,一般,*,*,*,*,ブラシ,ブラシ,ブラシ
を,助詞,格助詞,一般,*,*,*,を,ヲ,ヲ
板,名詞,一般,*,*,*,*,板,イタ,イタ
の,助詞,連体化,*,*,*,*,の,ノ,ノ
上,名詞,非自立,副詞可能,*,*,*,上,ウエ,ウエ
に,助詞,格助詞,一般,*,*,*,に,ニ,ニ
置く,動詞,自立,*,*,五段・カ行イ音便,基本形,置く,オク,オク
や,助詞,並立助詞,*,*,*,*,や,ヤ,ヤ
否,名詞,一般,*,*,*,*,否,イナ,イナ
や,助詞,並立助詞,*,*,*,*,や,ヤ,ヤ
、,記号,読点,*,*,*,*,、,、,、
そいつ,名詞,一般,*,*,*,*,そいつ,ソイツ,ソイツ
が,助詞,格助詞,一般,*,*,*,が,ガ,ガ
ぼう,名詞,一般,*,*,*,*,ぼう,ボウ,ボウ
つと,副詞,一般,*,*,*,*,つと,ツト,ツト
かすん,動詞,自立,*,*,五段・マ行,連用タ接続,かすむ,カスン,カスン
で,助詞,接続助詞,*,*,*,*,で,デ,デ
無く,形容詞,自立,*,*,形容詞・アウオ段,連用テ接続,無い,ナク,ナク
な,助動詞,*,*,*,特殊・ナイ,ガル接続,ない,ナ,ナ
つて,名詞,一般,*,*,*,*,つて,ツテ,ツテ
、,記号,読点,*,*,*,*,、,、,、
風,名詞,一般,*,*,*,*,風,カゼ,カゼ
が,助詞,格助詞,一般,*,*,*,が,ガ,ガ
どう,副詞,助詞類接続,*,*,*,*,どう,ドウ,ドー
つと,副詞,一般,*,*,*,*,つと,ツト,ツト
室,名詞,一般,*,*,*,*,室,シツ,シツ
の,助詞,連体化,*,*,*,*,の,ノ,ノ
中,名詞,非自立,副詞可能,*,*,*,中,ナカ,ナカ
に,助詞,格助詞,一般,*,*,*,に,ニ,ニ
入,接頭詞,名詞接続,*,*,*,*,入,ニュウ,ニュー
つて,名詞,一般,*,*,*,*,つて,ツテ,ツテ
き,動詞,自立,*,*,カ変・クル,連用形,くる,キ,キ
まし,助動詞,*,*,*,特殊・マス,連用形,ます,マシ,マシ
た,助動詞,*,*,*,特殊・タ,基本形,た,タ,タ
。,記号,句点,*,*,*,*,。,。,。
二,名詞,数,*,*,*,*,二,ニ,ニ
人,名詞,接尾,助数詞,*,*,*,人,ニン,ニン
は,助詞,係助詞,*,*,*,*,は,ハ,ワ
びつくり,名詞,サ変接続,*,*,*,*,びつくり,ビツクリ,ビツクリ
し,動詞,自立,*,*,サ変・スル,連用形,する,シ,シ
て,助詞,接続助詞,*,*,*,*,て,テ,テ
、,記号,読点,*,*,*,*,、,、,、
互に,副詞,一般,*,*,*,*,互に,カタミニ,カタミニ
より,助詞,格助詞,一般,*,*,*,より,ヨリ,ヨリ
そつ,名詞,一般,*,*,*,*,そつ,ソツ,ソツ
て,助詞,格助詞,連語,*,*,*,て,テ,テ
、,記号,読点,*,*,*,*,、,、,、
扉,名詞,一般,*,*,*,*,扉,トビラ,トビラ
を,助詞,格助詞,一般,*,*,*,を,ヲ,ヲ
がたん,副詞,助詞類接続,*,*,*,*,がたん,ガタン,ガタン
と,助詞,副詞化,*,*,*,*,と,ト,ト
開け,動詞,自立,*,*,一段,連用形,開ける,アケ,アケ
て,助詞,接続助詞,*,*,*,*,て,テ,テ
、,記号,読点,*,*,*,*,、,、,、
次,名詞,一般,*,*,*,*,次,ツギ,ツギ
の,助詞,連体化,*,*,*,*,の,ノ,ノ
室,名詞,一般,*,*,*,*,室,シツ,シツ
へ,助詞,格助詞,一般,*,*,*,へ,ヘ,エ
入,接頭詞,名詞接続,*,*,*,*,入,ニュウ,ニュー
つて,名詞,一般,*,*,*,*,つて,ツテ,ツテ
行き,動詞,自立,*,*,五段・カ行促音便,連用形,行く,イキ,イキ
まし,助動詞,*,*,*,特殊・マス,連用形,ます,マシ,マシ
た,助動詞,*,*,*,特殊・タ,基本形,た,タ,タ
。,記号,句点,*,*,*,*,。,。,。
早く,形容詞,自立,*,*,形容詞・アウオ段,連用テ接続,早い,ハヤク,ハヤク
何,名詞,代名詞,一般,*,*,*,何,ナニ,ナニ
か,助詞,副助詞／並立助詞／終助詞,*,*,*,*,か,カ,カ
暖,名詞,一般,*,*,*,*,暖,ダン,ダン
いも,名詞,一般,*,*,*,*,いも,イモ,イモ
の,助詞,連体化,*,*,*,*,の,ノ,ノ
でも,助詞,副助詞,*,*,*,*,でも,デモ,デモ
たべ,動詞,自立,*,*,一段,連用形,たべる,タベ,タベ
て,助詞,接続助詞,*,*,*,*,て,テ,テ
、,記号,読点,*,*,*,*,、,、,、
元気,名詞,形容動詞語幹,*,*,*,*,元気,ゲンキ,ゲンキ
を,助詞,格助詞,一般,*,*,*,を,ヲ,ヲ
つけ,動詞,自立,*,*,一段,連用形,つける,ツケ,ツケ
て,助詞,接続助詞,*,*,*,*,て,テ,テ
置か,動詞,自立,*,*,五段・カ行イ音便,未然形,置く,オカ,オカ
ない,助動詞,*,*,*,特殊・ナイ,基本形,ない,ナイ,ナイ
と,助詞,接続助詞,*,*,*,*,と,ト,ト
、,記号,読点,*,*,*,*,、,、,、
もう,副詞,一般,*,*,*,*,もう,モウ,モー
途方,名詞,一般,*,*,*,*,途方,トホウ,トホー
も,助詞,係助詞,*,*,*,*,も,モ,モ
ない,形容詞,自立,*,*,形容詞・アウオ段,基本形,ない,ナイ,ナイ
こと,名詞,非自立,一般,*,*,*,こと,コト,コト
に,助詞,格助詞,一般,*,*,*,に,ニ,ニ
なつ,名詞,固有名詞,人名,名,*,*,なつ,ナツ,ナツ
て,助詞,接続助詞,*,*,*,*,て,テ,テ
しまふ,動詞,非自立,*,*,四段・ハ行,基本形,しまふ,シマフ,シマウ
と,助詞,接続助詞,*,*,*,*,と,ト,ト
、,記号,読点,*,*,*,*,、,、,、
二,名詞,数,*,*,*,*,二,ニ,ニ
人,名詞,接尾,助数詞,*,*,*,人,ニン,ニン
とも,助詞,副助詞,*,*,*,*,とも,トモ,トモ
思,名詞,一般,*,*,*,*,思,*,*
つたの,名詞,固有名詞,人名,名,*,*,つたの,ツタノ,ツタノ
でし,助動詞,*,*,*,特殊・デス,連用形,です,デシ,デシ
た,助動詞,*,*,*,特殊・タ,基本形,た,タ,タ
。,記号,句点,*,*,*,*,。,。,。
扉,名詞,一般,*,*,*,*,扉,トビラ,トビラ
の,助詞,連体化,*,*,*,*,の,ノ,ノ
内側,名詞,一般,*,*,*,*,内側,ウチガワ,ウチガワ
に,助詞,格助詞,一般,*,*,*,に,ニ,ニ
、,記号,読点,*,*,*,*,、,、,、
また,接続詞,*,*,*,*,*,また,マタ,マタ
変,名詞,形容動詞語幹,*,*,*,*,変,ヘン,ヘン
な,助動詞,*,*,*,特殊・ダ,体言接続,だ,ナ,ナ
こと,名詞,非自立,一般,*,*,*,こと,コト,コト
が,助詞,格助詞,一般,*,*,*,が,ガ,ガ
書い,動詞,自立,*,*,五段・カ行イ音便,連用タ接続,書く,カイ,カイ
て,助詞,接続助詞,*,*,*,*,て,テ,テ
あり,動詞,非自立,*,*,五段・ラ行,連用形,ある,アリ,アリ
まし,助動詞,*,*,*,特殊・マス,連用形,ます,マシ,マシ
た,助動詞,*,*,*,特殊・タ,基本形,た,タ,タ
。,記号,句点,*,*,*,*,。,。,。
「,記号,括弧開,*,*,*,*,「,「,「
鉄砲,名詞,一般,*,*,*,*,鉄砲,テッポウ,テッポー
と,助詞,並立助詞,*,*,*,*,と,ト,ト
弾丸,名詞,一般,*,*,*,*,弾丸,ダンガン,ダンガン
を,助詞,格助詞,一般,*,*,*,を,ヲ,ヲ
こ,名詞,一般,*,*,*,*,こ,コ,コ
ゝ,記号,一般,*,*,*,*,ゝ,ゝ,ゝ
へ,助詞,格助詞,一般,*,*,*,へ,ヘ,エ
置い,動詞,自立,*,*,五段・カ行イ音便,連用タ接続,置く,オイ,オイ
て,助詞,接続助詞,*,*,*,*,て,テ,テ
ください,動詞,非自立,*,*,五段・ラ行特殊,命令ｉ,くださる,クダサイ,クダサイ
。,記号,句点,*,*,*,*,。,。,。
」,記号,括弧閉,*,*,*,*,」,」,」
見る,動詞,自立,*,*,一段,基本形,見る,ミル,ミル
と,助詞,接続助詞,*,*,*,*,と,ト,ト
すぐ,副詞,助詞類接続,*,*,*,*,すぐ,スグ,スグ
横,名詞,一般,*,*,*,*,横,ヨコ,ヨコ
に,助詞,格助詞,一般,*,*,*,に,ニ,ニ
黒い,形容詞,自立,*,*,形容詞・アウオ段,基本形,黒い,クロイ,クロイ
台,名詞,一般,*,*,*,*,台,ダイ,ダイ
が,助詞,格助詞,一般,*,*,*,が,ガ,ガ
あり,動詞,自立,*,*,五段・ラ行,連用形,ある,アリ,アリ
まし,助動詞,*,*,*,特殊・マス,連用形,ます,マシ,マシ
た,助動詞,*,*,*,特殊・タ,基本形,た,タ,タ
。,記号,句点,*,*,*,*,。,。,。
「,記号,括弧開,*,*,*,*,「,「,「
なるほど,感動詞,*,*,*,*,*,なるほど,ナルホド,ナルホド
、,記号,読点,*,*,*,*,、,、,、
鉄砲,名詞,一般,*,*,*,*,鉄砲,テッポウ,テッポー
を,助詞,格助詞,一般,*,*,*,を,ヲ,ヲ
持つ,動詞,自立,*,*,五段・タ行,基本形,持つ,モツ,モツ
て,助詞,接続助詞,*,*,*,*,て,テ,テ
もの,名詞,非自立,一般,*,*,*,もの,モノ,モノ
を,助詞,格助詞,一般,*,*,*,を,ヲ,ヲ
食,名詞,一般,*,*,*,*,食,ショク,ショク
ふと,副詞,一般,*,*,*,*,ふと,フト,フト
いふ,名詞,サ変接続,*,*,*,*,いふ,イフ,イフ
法,名詞,接尾,一般,*,*,*,法,ホウ,ホー
は,助詞,係助詞,*,*,*,*,は,ハ,ワ
ない,助動詞,*,*,*,特殊・ナイ,基本形,ない,ナイ,ナイ
。,記号,句点,*,*,*,*,。,。,。
」,記号,括弧閉,*,*,*,*,」,」,」
「,記号,括弧開,*,*,*,*,「,「,「
いや,接続詞,*,*,*,*,*,いや,イヤ,イヤ
、,記号,読点,*,*,*,*,、,、,、
よほど,副詞,一般,*,*,*,*,よほど,ヨホド,ヨホド
偉い,形容詞,自立,*,*,形容詞・アウオ段,基本形,偉い,エライ,エライ
ひと,名詞,一般,*,*,*,*,ひと,ヒト,ヒト
が,助詞,格助詞,一般,*,*,*,が,ガ,ガ
始終,副詞,助詞類接続,*,*,*,*,始終,シジュウ,シジュー
来,動詞,自立,*,*,カ変・来ル,連用形,来る,キ,キ
て,助詞,接続助詞,*,*,*,*,て,テ,テ
ゐる,動詞,自立,*,*,一段,基本形,ゐる,ヰル,イル
ん,名詞,非自立,一般,*,*,*,ん,ン,ン
だ,助動詞,*,*,*,特殊・ダ,基本形,だ,ダ,ダ
。,記号,句点,*,*,*,*,。,。,。
」,記号,括弧閉,*,*,*,*,」,」,」
二,名詞,数,*,*,*,*,二,ニ,ニ
人,名詞,接尾,助数詞,*,*,*,人,ニン,ニン
は,助詞,係助詞,*,*,*,*,は,ハ,ワ
鉄砲,名詞,一般,*,*,*,*,鉄砲,テッポウ,テッポー
を,助詞,格助詞,一般,*,*,*,を,ヲ,ヲ
は,助詞,係助詞,*,*,*,*,は,ハ,ワ
づし,名詞,一般,*,*,*,*,づし,*,*
、,記号,読点,*,*,*,*,、,、,、
帯皮,名詞,一般,*,*,*,*,帯皮,オビカワ,オビカワ
を,助詞,格助詞,一般,*,*,*,を,ヲ,ヲ
解い,動詞,自立,*,*,五段・カ行イ音便,連用タ接続,解く,トイ,トイ
て,助詞,接続助詞,*,*,*,*,て,テ,テ
、,記号,読点,*,*,*,*,、,、,、
それ,名詞,代名詞,一般,*,*,*,それ,ソレ,ソレ
を,助詞,格助詞,一般,*,*,*,を,ヲ,ヲ
台,名詞,一般,*,*,*,*,台,ダイ,ダイ
の,助詞,連体化,*,*,*,*,の,ノ,ノ
上,名詞,非自立,副詞可能,*,*,*,上,ウエ,ウエ
に,助詞,格助詞,一般,*,*,*,に,ニ,ニ
置き,動詞,自立,*,*,五段・カ行イ音便,連用形,置く,オキ,オキ
まし,助動詞,*,*,*,特殊・マス,連用形,ます,マシ,マシ
た,助動詞,*,*,*,特殊・タ,基本形,た,タ,タ
。,記号,句点,*,*,*,*,。,。,。
また,接続詞,*,*,*,*,*,また,マタ,マタ
黒い,形容詞,自立,*,*,形容詞・アウオ段,基本形,黒い,クロイ,クロイ
扉,名詞,一般,*,*,*,*,扉,トビラ,トビラ
が,助詞,格助詞,一般,*,*,*,が,ガ,ガ
あり,動詞,自立,*,*,五段・ラ行,連用形,ある,アリ,アリ
まし,助動詞,*,*,*,特殊・マス,連用形,ます,マシ,マシ
た,助動詞,*,*,*,特殊・タ,基本形,た,タ,タ
。,記号,句点,*,*,*,*,。,。,。
「,記号,括弧開,*,*,*,*,「,「,「
どうか,副詞,一般,*,*,*,*,どうか,ドウカ,ドーカ
帽子,名詞,一般,*,*,*,*,帽子,ボウシ,ボーシ
と,助詞,並立助詞,*,*,*,*,と,ト,ト
外套,名詞,一般,*,*,*,*,外套,ガイトウ,ガイトー
と,助詞,並立助詞,*,*,*,*,と,ト,ト
靴,名詞,一般,*,*,*,*,靴,クツ,クツ
を,助詞,格助詞,一般,*,*,*,を,ヲ,ヲ
おとり,動詞,自立,*,*,五段・ラ行,連用形,おとる,オトリ,オトリ
下さい,動詞,非自立,*,*,五段・ラ行特殊,命令ｉ,下さる,クダサイ,クダサイ
。,記号,句点,*,*,*,*,。,。,。
」,記号,括弧閉,*,*,*,*,」,」,」
「,記号,括弧開,*,*,*,*,「,「,「
どう,副詞,助詞類接続,*,*,*,*,どう,ドウ,ドー
だ,助動詞,*,*,*,特殊・ダ,基本形,だ,ダ,ダ
、,記号,読点,*,*,*,*,、,、,、
とる,動詞,自立,*,*,五段・ラ行,基本形,とる,トル,トル
か,助詞,副助詞／並立助詞／終助詞,*,*,*,*,か,カ,カ
。,記号,句点,*,*,*,*,。,。,。
」,記号,括弧閉,*,*,*,*,」,」,」
「,記号,括弧開,*,*,*,*,「,「,「
仕方,名詞,ナイ形容詞語幹,*,*,*,*,仕方,シカタ,シカタ
ない,助動詞,*,*,*,特殊・ナイ,基本形,ない,ナイ,ナイ
、,記号,読点,*,*,*,*,、,、,、
とら,動詞,自立,*,*,五段・ラ行,未然形,とる,トラ,トラ
う,助動詞,*,*,*,不変化型,基本形,う,ウ,ウ
。,記号,句点,*,*,*,*,。,。,。
たしか,副詞,一般,*,*,*,*,たしか,タシカ,タシカ
によ,動詞,自立,*,*,一段,未然ウ接続,にる,ニヨ,ニヨ
つ,助動詞,*,*,*,下二・タ行,基本形,つ,ツ,ツ
ぽ,形容詞,接尾,*,*,形容詞・アウオ段,ガル接続,ぽい,ポ,ポ
ど,助詞,接続助詞,*,*,*,*,ど,ド,ド
えらい,形容詞,自立,*,*,形容詞・アウオ段,基本形,えらい,エライ,エライ
ひと,名詞,一般,*,*,*,*,ひと,ヒト,ヒト
な,助動詞,*,*,*,特殊・ダ,体言接続,だ,ナ,ナ
ん,名詞,非自立,一般,*,*,*,ん,ン,ン
だ,助動詞,*,*,*,特殊・ダ,基本形,だ,ダ,ダ
。,記号,句点,*,*,*,*,。,。,。
奥,名詞,一般,*,*,*,*,奥,オク,オク
に,助詞,格助詞,一般,*,*,*,に,ニ,ニ
来,動詞,自立,*,*,カ変・来ル,連用形,来る,キ,キ
て,助詞,接続助詞,*,*,*,*,て,テ,テ
ゐる,動詞,自立,*,*,一段,基本形,ゐる,ヰル,イル
の,名詞,非自立,一般,*,*,*,の,ノ,ノ
は,助詞,係助詞,*,*,*,*,は,ハ,ワ
」,記号,括弧閉,*,*,*,*,」,」,」
二,名詞,数,*,*,*,*,二,ニ,ニ
人,名詞,接尾,助数詞,*,*,*,人,ニン,ニン
は,助詞,係助詞,*,*,*,*,は,ハ,ワ
帽子,名詞,一般,*,*,*,*,帽子,ボウシ,ボーシ
と,助詞,並立助詞,*,*,*,*,と,ト,ト
オーバコート,名詞,一般,*,*,*,*,オーバコート,*,*
を,助詞,格助詞,一般,*,*,*,を,ヲ,ヲ
釘,名詞,一般,*,*,*,*,釘,クギ,クギ
に,助詞,格助詞,一般,*,*,*,に,ニ,ニ
かけ,動詞,自立,*,*,一段,連用形,かける,カケ,カケ
、,記号,読点,*,*,*,*,、,、,、
靴,名詞,一般,*,*,*,*,靴,クツ,クツ
を,助詞,格助詞,一般,*,*,*,を,ヲ,ヲ
ぬい,動詞,自立,*,*,五段・ガ行,連用タ接続,ぬぐ,ヌイ,ヌイ
で,助詞,接続助詞,*,*,*,*,で,デ,デ
ぺたぺた,副詞,一般,*,*,*,*,ぺたぺた,ペタペタ,ペタペタ
ある,動詞,自立,*,*,五段・ラ行,基本形,ある,アル,アル
い,動詞,非自立,*,*,一段,連用形,いる,イ,イ
て,助詞,接続助詞,*,*,*,*,て,テ,テ
扉,名詞,一般,*,*,*,*,扉,トビラ,トビラ
の,助詞,連体化,*,*,*,*,の,ノ,ノ
中,名詞,非自立,副詞可能,*,*,*,中,ナカ,ナカ
に,助詞,格助詞,一般,*,*,*,に,ニ,ニ
は,助詞,係助詞,*,*,*,*,は,ハ,ワ
ひり,動詞,自立,*,*,五段・ラ行,連用形,ひる,ヒリ,ヒリ
まし,助動詞,*,*,*,特殊・マス,連用形,ます,マシ,マシ
た,助動詞,*,*,*,特殊・タ,基本形,た,タ,タ
。,記号,句点,*,*,*,*,。,。,。
扉,名詞,一般,*,*,*,*,扉,トビラ,トビラ
の,助詞,連体化,*,*,*,*,の,ノ,ノ
裏側,名詞,一般,*,*,*,*,裏側,ウラガワ,ウラガワ
に,助詞,格助詞,一般,*,*,*,に,ニ,ニ
は,助詞,係助詞,*,*,*,*,は,ハ,ワ
、,記号,読点,*,*,*,*,、,、,、
「,記号,括弧開,*,*,*,*,「,「,「
ネクタイピン,名詞,一般,*,*,*,*,ネクタイピン,ネクタイピン,ネクタイピン
、,記号,読点,*,*,*,*,、,、,、
カフスボタン,名詞,一般,*,*,*,*,カフスボタン,カフスボタン,カフスボタン
、,記号,読点,*,*,*,*,、,、,、
眼鏡,名詞,一般,*,*,*,*,眼鏡,メガネ,メガネ
、,記号,読点,*,*,*,*,、,、,、
財布,名詞,一般,*,*,*,*,財布,サイフ,サイフ
、,記号,読点,*,*,*,*,、,、,、
その他,名詞,代名詞,一般,*,*,*,その他,ソノタ,ソノタ
金物,名詞,一般,*,*,*,*,金物,カナモノ,カナモノ
類,名詞,接尾,一般,*,*,*,類,ルイ,ルイ
、,記号,読点,*,*,*,*,、,、,、
ことに,副詞,一般,*,*,*,*,ことに,コトニ,コトニ
尖,動詞,自立,*,*,五段・ラ行,体言接続特殊２,尖る,トガ,トガ
つ,助動詞,*,*,*,下二・タ行,基本形,つ,ツ,ツ
た,助動詞,*,*,*,特殊・タ,基本形,た,タ,タ
もの,名詞,非自立,一般,*,*,*,もの,モノ,モノ
は,助詞,係助詞,*,*,*,*,は,ハ,ワ
、,記号,読点,*,*,*,*,、,、,、
みんな,名詞,代名詞,一般,*,*,*,みんな,ミンナ,ミンナ
こ,名詞,一般,*,*,*,*,こ,コ,コ
ゝ,記号,一般,*,*,*,*,ゝ,ゝ,ゝ
に,助詞,格助詞,一般,*,*,*,に,ニ,ニ
置い,動詞,自立,*,*,五段・カ行イ音便,連用タ接続,置く,オイ,オイ
て,助詞,接続助詞,*,*,*,*,て,テ,テ
ください,動詞,非自立,*,*,五段・ラ行特殊,命令ｉ,くださる,クダサイ,クダサイ
」,記号,括弧閉,*,*,*,*,」,」,」
と,助詞,格助詞,引用,*,*,*,と,ト,ト
書い,動詞,自立,*,*,五段・カ行イ音便,連用タ接続,書く,カイ,カイ
て,助詞,接続助詞,*,*,*,*,て,テ,テ
あり,動詞,非自立,*,*,五段・ラ行,連用形,ある,アリ,アリ
まし,助動詞,*,*,*,特殊・マス,連用形,ます,マシ,マシ
た,助動詞,*,*,*,特殊・タ,基本形,た,タ,タ
。,記号,句点,*,*,*,*,。,。,。
扉,名詞,一般,*,*,*,*,扉,トビラ,トビラ
の,助詞,連体化,*,*,*,*,の,ノ,ノ
すぐ,副詞,助詞類接続,*,*,*,*,すぐ,スグ,スグ
横,名詞,一般,*,*,*,*,横,ヨコ,ヨコ
に,助詞,格助詞,一般,*,*,*,に,ニ,ニ
は,助詞,係助詞,*,*,*,*,は,ハ,ワ
黒,名詞,一般,*,*,*,*,黒,クロ,クロ
塗り,名詞,接尾,一般,*,*,*,塗り,ヌリ,ヌリ
の,助詞,連体化,*,*,*,*,の,ノ,ノ
立派,名詞,形容動詞語幹,*,*,*,*,立派,リッパ,リッパ
な,助動詞,*,*,*,特殊・ダ,体言接続,だ,ナ,ナ
金庫,名詞,一般,*,*,*,*,金庫,キンコ,キンコ
も,助詞,係助詞,*,*,*,*,も,モ,モ
、,記号,読点,*,*,*,*,、,、,、
ちや,名詞,固有名詞,人名,名,*,*,ちや,チヤ,チヤ
ん,名詞,非自立,一般,*,*,*,ん,ン,ン
と,助詞,並立助詞,*,*,*,*,と,ト,ト
口,名詞,一般,*,*,*,*,口,クチ,クチ
を,助詞,格助詞,一般,*,*,*,を,ヲ,ヲ
開け,動詞,自立,*,*,一段,連用形,開ける,アケ,アケ
て,助詞,接続助詞,*,*,*,*,て,テ,テ
置い,動詞,自立,*,*,五段・カ行イ音便,連用タ接続,置く,オイ,オイ
て,助詞,接続助詞,*,*,*,*,て,テ,テ
あり,動詞,非自立,*,*,五段・ラ行,連用形,ある,アリ,アリ
まし,助動詞,*,*,*,特殊・マス,連用形,ます,マシ,マシ
た,助動詞,*,*,*,特殊・タ,基本形,た,タ,タ
。,記号,句点,*,*,*,*,。,。,。
鍵,名詞,一般,*,*,*,*,鍵,カギ,カギ
まで,助詞,副助詞,*,*,*,*,まで,マデ,マデ
添,名詞,一般,*,*,*,*,添,*,*
へ,助詞,格助詞,一般,*,*,*,へ,ヘ,エ
てあつ,形容詞,自立,*,*,形容詞・アウオ段,ガル接続,てあつい,テアツ,テアツ
た,助動詞,*,*,*,特殊・タ,基本形,た,タ,タ
の,名詞,非自立,一般,*,*,*,の,ノ,ノ
です,助動詞,*,*,*,特殊・デス,基本形,です,デス,デス
。,記号,句点,*,*,*,*,。,。,。
「,記号,括弧開,*,*,*,*,「,「,「
は,助詞,係助詞,*,*,*,*,は,ハ,ワ
ゝ,記号,一般,*,*,*,*,ゝ,ゝ,ゝ
あ,感動詞,*,*,*,*,*,あ,ア,ア
、,記号,読点,*,*,*,*,、,、,、
何,名詞,代名詞,一般,*,*,*,何,ナニ,ナニ
か,助詞,副助詞／並立助詞／終助詞,*,*,*,*,か,カ,カ
の,助詞,連体化,*,*,*,*,の,ノ,ノ
料理,名詞,サ変接続,*,*,*,*,料理,リョウリ,リョーリ
に,助詞,格助詞,一般,*,*,*,に,ニ,ニ
電気,名詞,一般,*,*,*,*,電気,デンキ,デンキ
を,助詞,格助詞,一般,*,*,*,を,ヲ,ヲ
つか,動詞,自立,*,*,五段・カ行イ音便,未然形,つく,ツカ,ツカ
ふと,副詞,一般,*,*,*,*,ふと,フト,フト
見える,動詞,自立,*,*,一段,基本形,見える,ミエル,ミエル
ね,助詞,終助詞,*,*,*,*,ね,ネ,ネ
。,記号,句点,*,*,*,*,。,。,。
金気,名詞,一般,*,*,*,*,金気,カナケ,カナケ
の,助詞,連体化,*,*,*,*,の,ノ,ノ
もの,名詞,非自立,一般,*,*,*,もの,モノ,モノ
は,助詞,係助詞,*,*,*,*,は,ハ,ワ
あぶない,形容詞,自立,*,*,形容詞・アウオ段,基本形,あぶない,アブナイ,アブナイ
。,記号,句点,*,*,*,*,。,。,。
ことに,副詞,一般,*,*,*,*,ことに,コトニ,コトニ
尖,動詞,自立,*,*,五段・ラ行,体言接続特殊２,尖る,トガ,トガ
つ,助動詞,*,*,*,下二・タ行,基本形,つ,ツ,ツ
た,助動詞,*,*,*,特殊・タ,基本形,た,タ,タ
もの,名詞,非自立,一般,*,*,*,もの,モノ,モノ
は,助詞,係助詞,*,*,*,*,は,ハ,ワ
あぶない,形容詞,自立,*,*,形容詞・アウオ段,基本形,あぶない,アブナイ,アブナイ
と,助詞,接続助詞,*,*,*,*,と,ト,ト
斯,名詞,一般,*,*,*,*,斯,*,*
う,感動詞,*,*,*,*,*,う,ウ,ウ
云,名詞,一般,*,*,*,*,云,ウン,ウン
ふん,名詞,一般,*,*,*,*,ふん,フン,フン
だら,助動詞,*,*,*,特殊・ダ,未然形,だ,ダラ,ダラ
う,助動詞,*,*,*,不変化型,基本形,う,ウ,ウ
。,記号,句点,*,*,*,*,。,。,。
」,記号,括弧閉,*,*,*,*,」,」,」
「,記号,括弧開,*,*,*,*,「,「,「
さ,副詞,助詞類接続,*,*,*,*,さ,サ,サ
うだら,動詞,自立,*,*,五段・ラ行,未然形,うだる,ウダラ,ウダラ
う,助動詞,*,*,*,不変化型,基本形,う,ウ,ウ
。,記号,句点,*,*,*,*,。,。,。
し,動詞,自立,*,*,サ変・スル,連用形,する,シ,シ
て,助詞,接続助詞,*,*,*,*,て,テ,テ
見る,動詞,自立,*,*,一段,基本形,見る,ミル,ミル
と,助詞,格助詞,引用,*,*,*,と,ト,ト
勘定,名詞,サ変接続,*,*,*,*,勘定,カンジョウ,カンジョー
は,助詞,係助詞,*,*,*,*,は,ハ,ワ
帰り,名詞,一般,*,*,*,*,帰り,カエリ,カエリ
に,助詞,格助詞,一般,*,*,*,に,ニ,ニ
こ,名詞,一般,*,*,*,*,こ,コ,コ
ゝ,記号,一般,*,*,*,*,ゝ,ゝ,ゝ
で,助詞,格助詞,一般,*,*,*,で,デ,デ
払,名詞,一般,*,*,*,*,払,*,*
ふ,動詞,自立,*,*,五段・ラ行,体言接続特殊２,ふる,フ,フ
の,名詞,非自立,一般,*,*,*,の,ノ,ノ
だら,助動詞,*,*,*,特殊・ダ,未然形,だ,ダラ,ダラ
う,助動詞,*,*,*,不変化型,基本形,う,ウ,ウ
か,助詞,副助詞／並立助詞／終助詞,*,*,*,*,か,カ,カ
。,記号,句点,*,*,*,*,。,。,。
」,記号,括弧閉,*,*,*,*,」,」,」
「,記号,括弧開,*,*,*,*,「,「,「
どう,副詞,助詞類接続,*,*,*,*,どう,ドウ,ドー
もさ,動詞,自立,*,*,五段・サ行,未然形,もす,モサ,モサ
う,助動詞,*,*,*,不変化型,基本形,う,ウ,ウ
らしい,助動詞,*,*,*,形容詞・イ段,基本形,らしい,ラシイ,ラシイ
。,記号,句点,*,*,*,*,。,。,。
」,記号,括弧閉,*,*,*,*,」,」,」
「,記号,括弧開,*,*,*,*,「,「,「
さ,副詞,助詞類接続,*,*,*,*,さ,サ,サ
う,助動詞,*,*,*,不変化型,基本形,う,ウ,ウ
だ,助動詞,*,*,*,特殊・ダ,基本形,だ,ダ,ダ
。,記号,句点,*,*,*,*,。,。,。
きつ,形容詞,自立,*,*,形容詞・アウオ段,ガル接続,きつい,キツ,キツ
と,助詞,格助詞,引用,*,*,*,と,ト,ト
。,記号,句点,*,*,*,*,。,。,。
」,記号,括弧閉,*,*,*,*,」,」,」
二,名詞,数,*,*,*,*,二,ニ,ニ
人,名詞,接尾,助数詞,*,*,*,人,ニン,ニン
は,助詞,係助詞,*,*,*,*,は,ハ,ワ
めがね,名詞,一般,*,*,*,*,めがね,メガネ,メガネ
を,助詞,格助詞,一般,*,*,*,を,ヲ,ヲ
は,助詞,係助詞,*,*,*,*,は,ハ,ワ
づしたり,名詞,一般,*,*,*,*,づしたり,*,*
、,記号,読点,*,*,*,*,、,、,、
カフスボタン,名詞,一般,*,*,*,*,カフスボタン,カフスボタン,カフスボタン
を,助詞,格助詞,一般,*,*,*,を,ヲ,ヲ
とつ,名詞,一般,*,*,*,*,とつ,トツ,トツ
たり,助詞,並立助詞,*,*,*,*,たり,タリ,タリ
、,記号,読点,*,*,*,*,、,、,、
みんな,名詞,代名詞,一般,*,*,*,みんな,ミンナ,ミンナ
金庫,名詞,一般,*,*,*,*,金庫,キンコ,キンコ
の,助詞,連体化,*,*,*,*,の,ノ,ノ
中,名詞,非自立,副詞可能,*,*,*,中,ナカ,ナカ
に,助詞,格助詞,一般,*,*,*,に,ニ,ニ
入れ,動詞,自立,*,*,一段,連用形,入れる,イレ,イレ
て,助詞,接続助詞,*,*,*,*,て,テ,テ
、,記号,読点,*,*,*,*,、,、,、
ぱちんと,名詞,一般,*,*,*,*,ぱちんと,*,*
錠,名詞,一般,*,*,*,*,錠,ジョウ,ジョー
を,助詞,格助詞,一般,*,*,*,を,ヲ,ヲ
かけ,動詞,自立,*,*,一段,連用形,かける,カケ,カケ
まし,助動詞,*,*,*,特殊・マス,連用形,ます,マシ,マシ
た,助動詞,*,*,*,特殊・タ,基本形,た,タ,タ
。,記号,句点,*,*,*,*,。,。,。
すこし,副詞,助詞類接続,*,*,*,*,すこし,スコシ,スコシ
行き,動詞,自立,*,*,五段・カ行促音便,連用形,行く,イキ,イキ
ます,助動詞,*,*,*,特殊・マス,基本形,ます,マス,マス
と,助詞,接続助詞,*,*,*,*,と,ト,ト
また,接続詞,*,*,*,*,*,また,マタ,マタ
扉,名詞,一般,*,*,*,*,扉,トビラ,トビラ
が,助詞,格助詞,一般,*,*,*,が,ガ,ガ
あつ,形容詞,自立,*,*,形容詞・アウオ段,ガル接続,あつい,アツ,アツ
て,助詞,接続助詞,*,*,*,*,て,テ,テ
、,記号,読点,*,*,*,*,、,、,、
その,連体詞,*,*,*,*,*,その,ソノ,ソノ
前,名詞,副詞可能,*,*,*,*,前,マエ,マエ
に,助詞,格助詞,一般,*,*,*,に,ニ,ニ
硝子,名詞,一般,*,*,*,*,硝子,ガラス,ガラス
の,助詞,連体化,*,*,*,*,の,ノ,ノ
壺,名詞,一般,*,*,*,*,壺,ツボ,ツボ
が,助詞,格助詞,一般,*,*,*,が,ガ,ガ
一つ,名詞,一般,*,*,*,*,一つ,ヒトツ,ヒトツ
あり,動詞,自立,*,*,五段・ラ行,連用形,ある,アリ,アリ
まし,助動詞,*,*,*,特殊・マス,連用形,ます,マシ,マシ
た,助動詞,*,*,*,特殊・タ,基本形,た,タ,タ
。,記号,句点,*,*,*,*,。,。,。
扉,名詞,一般,*,*,*,*,扉,トビラ,トビラ
に,助詞,格助詞,一般,*,*,*,に,ニ,ニ
は,助詞,係助詞,*,*,*,*,は,ハ,ワ
斯,名詞,一般,*,*,*,*,斯,*,*
う,助動詞,*,*,*,不変化型,基本形,う,ウ,ウ
書い,動詞,自立,*,*,五段・カ行イ音便,連用タ接続,書く,カイ,カイ
て,助詞,接続助詞,*,*,*,*,て,テ,テ
あり,動詞,非自立,*,*,五段・ラ行,連用形,ある,アリ,アリ
まし,助動詞,*,*,*,特殊・マス,連用形,ます,マシ,マシ
た,助動詞,*,*,*,特殊・タ,基本形,た,タ,タ
。,記号,句点,*,*,*,*,。,。,。
「,記号,括弧開,*,*,*,*,「,「,「
壺,名詞,一般,*,*,*,*,壺,ツボ,ツボ
の,助詞,連体化,*,*,*,*,の,ノ,ノ
なか,名詞,非自立,副詞可能,*,*,*,なか,ナカ,ナカ
の,助詞,連体化,*,*,*,*,の,ノ,ノ
クリーム,名詞,一般,*,*,*,*,クリーム,クリーム,クリーム
を,助詞,格助詞,一般,*,*,*,を,ヲ,ヲ
顔,名詞,一般,*,*,*,*,顔,カオ,カオ
や,助詞,並立助詞,*,*,*,*,や,ヤ,ヤ
手足,名詞,一般,*,*,*,*,手足,テアシ,テアシ
に,助詞,格助詞,一般,*,*,*,に,ニ,ニ
す,動詞,自立,*,*,サ変・スル,文語基本形,する,ス,ス
つかり,動詞,自立,*,*,五段・ラ行,連用形,つかる,ツカリ,ツカリ
塗,名詞,一般,*,*,*,*,塗,ヌリ,ヌリ
つ,助動詞,*,*,*,下二・タ行,基本形,つ,ツ,ツ
て,助詞,接続助詞,*,*,*,*,て,テ,テ
ください,動詞,非自立,*,*,五段・ラ行特殊,命令ｉ,くださる,クダサイ,クダサイ
。,記号,句点,*,*,*,*,。,。,。
」,記号,括弧閉,*,*,*,*,」,」,」
みる,動詞,自立,*,*,一段,基本形,みる,ミル,ミル
と,助詞,接続助詞,*,*,*,*,と,ト,ト
たしかに,副詞,一般,*,*,*,*,たしかに,タシカニ,タシカニ
壺,名詞,一般,*,*,*,*,壺,ツボ,ツボ
の,助詞,連体化,*,*,*,*,の,ノ,ノ
なか,名詞,非自立,副詞可能,*,*,*,なか,ナカ,ナカ
の,助詞,連体化,*,*,*,*,の,ノ,ノ
もの,名詞,非自立,一般,*,*,*,もの,モノ,モノ
は,助詞,係助詞,*,*,*,*,は,ハ,ワ
牛乳,名詞,一般,*,*,*,*,牛乳,ギュウニュウ,ギューニュー
の,助詞,連体化,*,*,*,*,の,ノ,ノ
クリーム,名詞,一般,*,*,*,*,クリーム,クリーム,クリーム
でし,助動詞,*,*,*,特殊・デス,連用形,です,デシ,デシ
た,助動詞,*,*,*,特殊・タ,基本形,た,タ,タ
。,記号,句点,*,*,*,*,。,。,。
「,記号,括弧開,*,*,*,*,「,「,「
クリーム,名詞,一般,*,*,*,*,クリーム,クリーム,クリーム
を,助詞,格助詞,一般,*,*,*,を,ヲ,ヲ
ぬれ,動詞,自立,*,*,五段・ラ行,命令ｅ,ぬる,ヌレ,ヌレ
と,助詞,格助詞,引用,*,*,*,と,ト,ト
いふ,動詞,自立,*,*,四段・ハ行,基本形,いふ,イフ,ユウ
の,名詞,非自立,一般,*,*,*,の,ノ,ノ
は,助詞,係助詞,*,*,*,*,は,ハ,ワ
どう,副詞,助詞類接続,*,*,*,*,どう,ドウ,ドー
いふ,動詞,自立,*,*,四段・ハ行,基本形,いふ,イフ,ユウ
ん,名詞,非自立,一般,*,*,*,ん,ン,ン
だ,助動詞,*,*,*,特殊・ダ,基本形,だ,ダ,ダ
。,記号,句点,*,*,*,*,。,。,。
」,記号,括弧閉,*,*,*,*,」,」,」
「,記号,括弧開,*,*,*,*,「,「,「
これ,名詞,代名詞,一般,*,*,*,これ,コレ,コレ
はね,動詞,自立,*,*,一段,連用形,はねる,ハネ,ハネ
、,記号,読点,*,*,*,*,、,、,、
外,名詞,一般,*,*,*,*,外,ソト,ソト
が,助詞,格助詞,一般,*,*,*,が,ガ,ガ
ひじ,名詞,一般,*,*,*,*,ひじ,ヒジ,ヒジ
やう,名詞,非自立,助動詞語幹,*,*,*,やう,ヤウ,ヨー
に,助詞,副詞化,*,*,*,*,に,ニ,ニ
寒い,形容詞,自立,*,*,形容詞・アウオ段,基本形,寒い,サムイ,サムイ
だら,助動詞,*,*,*,特殊・ダ,未然形,だ,ダラ,ダラ
う,助動詞,*,*,*,不変化型,基本形,う,ウ,ウ
。,記号,句点,*,*,*,*,。,。,。
室,名詞,一般,*,*,*,*,室,シツ,シツ
の,助詞,連体化,*,*,*,*,の,ノ,ノ
なか,名詞,非自立,副詞可能,*,*,*,なか,ナカ,ナカ
が,助詞,格助詞,一般,*,*,*,が,ガ,ガ
あんまり,副詞,助詞類接続,*,*,*,*,あんまり,アンマリ,アンマリ
暖,名詞,一般,*,*,*,*,暖,ダン,ダン
いと,副詞,一般,*,*,*,*,いと,イト,イト
ひび,名詞,一般,*,*,*,*,ひび,ヒビ,ヒビ
が,助詞,格助詞,一般,*,*,*,が,ガ,ガ
きれる,動詞,自立,*,*,一段,基本形,きれる,キレル,キレル
から,助詞,接続助詞,*,*,*,*,から,カラ,カラ
、,記号,読点,*,*,*,*,、,、,、
その,連体詞,*,*,*,*,*,その,ソノ,ソノ
予防,名詞,サ変接続,*,*,*,*,予防,ヨボウ,ヨボー
な,助動詞,*,*,*,特殊・ダ,体言接続,だ,ナ,ナ
ん,名詞,非自立,一般,*,*,*,ん,ン,ン
だ,助動詞,*,*,*,特殊・ダ,基本形,だ,ダ,ダ
。,記号,句点,*,*,*,*,。,。,。
どうも,副詞,一般,*,*,*,*,どうも,ドウモ,ドーモ
奥,名詞,一般,*,*,*,*,奥,オク,オク
に,助詞,格助詞,一般,*,*,*,に,ニ,ニ
は,助詞,係助詞,*,*,*,*,は,ハ,ワ
、,記号,読点,*,*,*,*,、,、,、
よほど,副詞,一般,*,*,*,*,よほど,ヨホド,ヨホド
えらい,形容詞,自立,*,*,形容詞・アウオ段,基本形,えらい,エライ,エライ
ひと,名詞,一般,*,*,*,*,ひと,ヒト,ヒト
が,助詞,格助詞,一般,*,*,*,が,ガ,ガ
き,動詞,自立,*,*,カ変・クル,連用形,くる,キ,キ
て,助詞,接続助詞,*,*,*,*,て,テ,テ
ゐる,動詞,自立,*,*,一段,基本形,ゐる,ヰル,イル
。,記号,句点,*,*,*,*,。,。,。
こんな,連体詞,*,*,*,*,*,こんな,コンナ,コンナ
とこ,名詞,一般,*,*,*,*,とこ,トコ,トコ
で,助詞,格助詞,一般,*,*,*,で,デ,デ
、,記号,読点,*,*,*,*,、,、,、
案外,副詞,助詞類接続,*,*,*,*,案外,アンガイ,アンガイ
ぼく,名詞,代名詞,一般,*,*,*,ぼく,ボク,ボク
ら,名詞,接尾,一般,*,*,*,ら,ラ,ラ
は,助詞,係助詞,*,*,*,*,は,ハ,ワ
、,記号,読点,*,*,*,*,、,、,、
貴族,名詞,一般,*,*,*,*,貴族,キゾク,キゾク
と,助詞,格助詞,引用,*,*,*,と,ト,ト
ちかづき,動詞,自立,*,*,五段・カ行イ音便,連用形,ちかづく,チカヅキ,チカズキ
に,助詞,格助詞,一般,*,*,*,に,ニ,ニ
なる,動詞,自立,*,*,五段・ラ行,基本形,なる,ナル,ナル
かも,助詞,副助詞,*,*,*,*,かも,カモ,カモ
知れ,動詞,自立,*,*,一段,未然形,知れる,シレ,シレ
ない,助動詞,*,*,*,特殊・ナイ,基本形,ない,ナイ,ナイ
よ,助詞,終助詞,*,*,*,*,よ,ヨ,ヨ
。,記号,句点,*,*,*,*,。,。,。
」,記号,括弧閉,*,*,*,*,」,」,」
二,名詞,数,*,*,*,*,二,ニ,ニ
人,名詞,接尾,助数詞,*,*,*,人,ニン,ニン
は,助詞,係助詞,*,*,*,*,は,ハ,ワ
壺,名詞,一般,*,*,*,*,壺,ツボ,ツボ
の,助詞,連体化,*,*,*,*,の,ノ,ノ
クリーム,名詞,一般,*,*,*,*,クリーム,クリーム,クリーム
を,助詞,格助詞,一般,*,*,*,を,ヲ,ヲ
、,記号,読点,*,*,*,*,、,、,、
顔,名詞,一般,*,*,*,*,顔,カオ,カオ
に,助詞,格助詞,一般,*,*,*,に,ニ,ニ
塗,名詞,一般,*,*,*,*,塗,ヌリ,ヌリ
つて,名詞,一般,*,*,*,*,つて,ツテ,ツテ
手,名詞,接尾,一般,*,*,*,手,シュ,シュ
に,助詞,格助詞,一般,*,*,*,に,ニ,ニ
塗,名詞,一般,*,*,*,*,塗,ヌリ,ヌリ
つて,名詞,一般,*,*,*,*,つて,ツテ,ツテ
それ,名詞,代名詞,一般,*,*,*,それ,ソレ,ソレ
から,助詞,格助詞,一般,*,*,*,から,カラ,カラ
靴下,名詞,一般,*,*,*,*,靴下,クツシタ,クツシタ
を,助詞,格助詞,一般,*,*,*,を,ヲ,ヲ
ぬい,動詞,自立,*,*,五段・ガ行,連用タ接続,ぬぐ,ヌイ,ヌイ
で,助詞,接続助詞,*,*,*,*,で,デ,デ
足,名詞,一般,*,*,*,*,足,アシ,アシ
に,助詞,格助詞,一般,*,*,*,に,ニ,ニ
塗り,動詞,自立,*,*,五段・ラ行,連用形,塗る,ヌリ,ヌリ
まし,助動詞,*,*,*,特殊・マス,連用形,ます,マシ,マシ
た,助動詞,*,*,*,特殊・タ,基本形,た,タ,タ
。,記号,句点,*,*,*,*,。,。,。
それでも,接続詞,*,*,*,*,*,それでも,ソレデモ,ソレデモ
まだ,副詞,助詞類接続,*,*,*,*,まだ,マダ,マダ
残,名詞,一般,*,*,*,*,残,ザン,ザン
つて,名詞,一般,*,*,*,*,つて,ツテ,ツテ
ゐ,動詞,自立,*,*,一段,連用形,ゐる,ヰ,イ
まし,助動詞,*,*,*,特殊・マス,連用形,ます,マシ,マシ
た,助動詞,*,*,*,特殊・タ,基本形,た,タ,タ
から,助詞,接続助詞,*,*,*,*,から,カラ,カラ
、,記号,読点,*,*,*,*,、,、,、
それ,名詞,代名詞,一般,*,*,*,それ,ソレ,ソレ
は,助詞,係助詞,*,*,*,*,は,ハ,ワ
二,名詞,数,*,*,*,*,二,ニ,ニ
人,名詞,接尾,助数詞,*,*,*,人,ニン,ニン
とも,助詞,副助詞,*,*,*,*,とも,トモ,トモ
めいめい,名詞,一般,*,*,*,*,めいめい,メイメイ,メイメイ
こ,動詞,自立,*,*,カ変・クル,未然形,くる,コ,コ
つ,助動詞,*,*,*,下二・タ行,基本形,つ,ツ,ツ
そり,名詞,一般,*,*,*,*,そり,ソリ,ソリ
顔,名詞,接尾,一般,*,*,*,顔,ガオ,ガオ
へ,助詞,格助詞,一般,*,*,*,へ,ヘ,エ
塗る,動詞,自立,*,*,五段・ラ行,基本形,塗る,ヌル,ヌル
ふり,名詞,非自立,一般,*,*,*,ふり,フリ,フリ
を,助詞,格助詞,一般,*,*,*,を,ヲ,ヲ
し,動詞,自立,*,*,サ変・スル,連用形,する,シ,シ
ながら,助詞,接続助詞,*,*,*,*,ながら,ナガラ,ナガラ
喰,名詞,一般,*,*,*,*,喰,*,*
べ,助詞,終助詞,*,*,*,*,べ,ベ,ベ
まし,助動詞,*,*,*,特殊・マス,連用形,ます,マシ,マシ
た,助動詞,*,*,*,特殊・タ,基本形,た,タ,タ
。,記号,句点,*,*,*,*,。,。,。
それから,接続詞,*,*,*,*,*,それから,ソレカラ,ソレカラ
大急ぎ,名詞,一般,*,*,*,*,大急ぎ,オオイソギ,オーイソギ
で,助詞,格助詞,一般,*,*,*,で,デ,デ
扉,名詞,一般,*,*,*,*,扉,トビラ,トビラ
を,助詞,格助詞,一般,*,*,*,を,ヲ,ヲ
あけ,動詞,自立,*,*,一段,連用形,あける,アケ,アケ
ます,助動詞,*,*,*,特殊・マス,基本形,ます,マス,マス
と,助詞,接続助詞,*,*,*,*,と,ト,ト
、,記号,読点,*,*,*,*,、,、,、
その,連体詞,*,*,*,*,*,その,ソノ,ソノ
裏側,名詞,一般,*,*,*,*,裏側,ウラガワ,ウラガワ
に,助詞,格助詞,一般,*,*,*,に,ニ,ニ
は,助詞,係助詞,*,*,*,*,は,ハ,ワ
、,記号,読点,*,*,*,*,、,、,、
「,記号,括弧開,*,*,*,*,「,「,「
クリーム,名詞,一般,*,*,*,*,クリーム,クリーム,クリーム
を,助詞,格助詞,一般,*,*,*,を,ヲ,ヲ
よく,副詞,一般,*,*,*,*,よく,ヨク,ヨク
塗り,動詞,自立,*,*,五段・ラ行,連用形,塗る,ヌリ,ヌリ
まし,助動詞,*,*,*,特殊・マス,連用形,ます,マシ,マシ
た,助動詞,*,*,*,特殊・タ,基本形,た,タ,タ
か,助詞,副助詞／並立助詞／終助詞,*,*,*,*,か,カ,カ
、,記号,読点,*,*,*,*,、,、,、
耳,名詞,一般,*,*,*,*,耳,ミミ,ミミ
に,助詞,格助詞,一般,*,*,*,に,ニ,ニ
も,助詞,係助詞,*,*,*,*,も,モ,モ
よく,副詞,一般,*,*,*,*,よく,ヨク,ヨク
塗り,動詞,自立,*,*,五段・ラ行,連用形,塗る,ヌリ,ヌリ
まし,助動詞,*,*,*,特殊・マス,連用形,ます,マシ,マシ
た,助動詞,*,*,*,特殊・タ,基本形,た,タ,タ
か,助詞,副助詞／並立助詞／終助詞,*,*,*,*,か,カ,カ
、,記号,読点,*,*,*,*,、,、,、
」,記号,括弧閉,*,*,*,*,」,」,」
と,助詞,格助詞,引用,*,*,*,と,ト,ト
書い,動詞,自立,*,*,五段・カ行イ音便,連用タ接続,書く,カイ,カイ
て,助詞,接続助詞,*,*,*,*,て,テ,テ
あ,フィラー,*,*,*,*,*,あ,ア,ア
つて,名詞,一般,*,*,*,*,つて,ツテ,ツテ
、,記号,読点,*,*,*,*,、,、,、
ち,動詞,自立,*,*,五段・ラ行,体言接続特殊２,ちる,チ,チ
ひ,動詞,自立,*,*,一段,連用形,ひる,ヒ,ヒ
さ,名詞,接尾,特殊,*,*,*,さ,サ,サ
な,助動詞,*,*,*,特殊・ダ,体言接続,だ,ナ,ナ
クリーム,名詞,一般,*,*,*,*,クリーム,クリーム,クリーム
の,助詞,連体化,*,*,*,*,の,ノ,ノ
壺,名詞,一般,*,*,*,*,壺,ツボ,ツボ
が,助詞,格助詞,一般,*,*,*,が,ガ,ガ
こ,名詞,一般,*,*,*,*,こ,コ,コ
ゝ,記号,一般,*,*,*,*,ゝ,ゝ,ゝ
に,助詞,格助詞,一般,*,*,*,に,ニ,ニ
も,助詞,係助詞,*,*,*,*,も,モ,モ
置い,動詞,自立,*,*,五段・カ行イ音便,連用タ接続,置く,オイ,オイ
て,助詞,接続助詞,*,*,*,*,て,テ,テ
あり,動詞,非自立,*,*,五段・ラ行,連用形,ある,アリ,アリ
まし,助動詞,*,*,*,特殊・マス,連用形,ます,マシ,マシ
た,助動詞,*,*,*,特殊・タ,基本形,た,タ,タ
。,記号,句点,*,*,*,*,。,。,。
「,記号,括弧開,*,*,*,*,「,「,「
さ,副詞,助詞類接続,*,*,*,*,さ,サ,サ
うさ,名詞,一般,*,*,*,*,うさ,ウサ,ウサ
う,助動詞,*,*,*,不変化型,基本形,う,ウ,ウ
、,記号,読点,*,*,*,*,、,、,、
ぼく,名詞,代名詞,一般,*,*,*,ぼく,ボク,ボク
は,助詞,係助詞,*,*,*,*,は,ハ,ワ
耳,名詞,一般,*,*,*,*,耳,ミミ,ミミ
に,助詞,格助詞,一般,*,*,*,に,ニ,ニ
は,助詞,係助詞,*,*,*,*,は,ハ,ワ
塗ら,動詞,自立,*,*,五段・ラ行,未然形,塗る,ヌラ,ヌラ
なかつ,助動詞,*,*,*,特殊・ナイ,連用タ接続,ない,ナカツ,ナカッ
た,助動詞,*,*,*,特殊・タ,基本形,た,タ,タ
。,記号,句点,*,*,*,*,。,。,。
あぶなく,形容詞,自立,*,*,形容詞・アウオ段,連用テ接続,あぶない,アブナク,アブナク
耳,名詞,一般,*,*,*,*,耳,ミミ,ミミ
に,助詞,格助詞,一般,*,*,*,に,ニ,ニ
ひ,動詞,自立,*,*,一段,連用形,ひる,ヒ,ヒ
ゞ,記号,一般,*,*,*,*,ゞ,ゞ,ゞ
を,助詞,格助詞,一般,*,*,*,を,ヲ,ヲ
切らす,動詞,自立,*,*,五段・サ行,基本形,切らす,キラス,キラス
とこ,名詞,一般,*,*,*,*,とこ,トコ,トコ
だ,助動詞,*,*,*,特殊・ダ,基本形,だ,ダ,ダ
つ,助動詞,*,*,*,下二・タ行,基本形,つ,ツ,ツ
た,助動詞,*,*,*,特殊・タ,基本形,た,タ,タ
。,記号,句点,*,*,*,*,。,。,。
こ,名詞,一般,*,*,*,*,こ,コ,コ
ゝ,記号,一般,*,*,*,*,ゝ,ゝ,ゝ
の,助詞,連体化,*,*,*,*,の,ノ,ノ
主人,名詞,一般,*,*,*,*,主人,シュジン,シュジン
は,助詞,係助詞,*,*,*,*,は,ハ,ワ
じつに,副詞,一般,*,*,*,*,じつに,ジツニ,ジツニ
用意,名詞,サ変接続,*,*,*,*,用意,ヨウイ,ヨーイ
周到,名詞,形容動詞語幹,*,*,*,*,周到,シュウトウ,シュートー
だ,助動詞,*,*,*,特殊・ダ,基本形,だ,ダ,ダ
ね,助詞,終助詞,*,*,*,*,ね,ネ,ネ
。,記号,句点,*,*,*,*,。,。,。
」,記号,括弧閉,*,*,*,*,」,」,」
「,記号,括弧開,*,*,*,*,「,「,「
あゝ,感動詞,*,*,*,*,*,あゝ,アア,アー
、,記号,読点,*,*,*,*,、,、,、
細かい,形容詞,自立,*,*,形容詞・アウオ段,基本形,細かい,コマカイ,コマカイ
とこ,名詞,一般,*,*,*,*,とこ,トコ,トコ
まで,助詞,副助詞,*,*,*,*,まで,マデ,マデ
よく,副詞,一般,*,*,*,*,よく,ヨク,ヨク
気,名詞,一般,*,*,*,*,気,キ,キ
が,助詞,格助詞,一般,*,*,*,が,ガ,ガ
つく,動詞,自立,*,*,五段・カ行イ音便,基本形,つく,ツク,ツク
よ,助詞,終助詞,*,*,*,*,よ,ヨ,ヨ
。,記号,句点,*,*,*,*,。,。,。
ところで,接続詞,*,*,*,*,*,ところで,トコロデ,トコロデ
ぼく,名詞,代名詞,一般,*,*,*,ぼく,ボク,ボク
は,助詞,係助詞,*,*,*,*,は,ハ,ワ
早く,形容詞,自立,*,*,形容詞・アウオ段,連用テ接続,早い,ハヤク,ハヤク
何,名詞,代名詞,一般,*,*,*,何,ナニ,ナニ
か,助詞,副助詞／並立助詞／終助詞,*,*,*,*,か,カ,カ
喰,名詞,一般,*,*,*,*,喰,*,*
べた,名詞,一般,*,*,*,*,べた,ベタ,ベタ
いん,動詞,自立,*,*,五段・マ行,連用タ接続,いむ,イン,イン
だ,助動詞,*,*,*,特殊・タ,基本形,だ,ダ,ダ
が,助詞,接続助詞,*,*,*,*,が,ガ,ガ
、,記号,読点,*,*,*,*,、,、,、
どうも,副詞,一般,*,*,*,*,どうも,ドウモ,ドーモ
斯,名詞,一般,*,*,*,*,斯,*,*
う,感動詞,*,*,*,*,*,う,ウ,ウ
どこ,名詞,代名詞,一般,*,*,*,どこ,ドコ,ドコ
まで,助詞,副助詞,*,*,*,*,まで,マデ,マデ
も,助詞,係助詞,*,*,*,*,も,モ,モ
廊下,名詞,一般,*,*,*,*,廊下,ロウカ,ローカ
ぢ,名詞,一般,*,*,*,*,ぢ,ヂ,ジ
や,助詞,並立助詞,*,*,*,*,や,ヤ,ヤ
仕方,名詞,ナイ形容詞語幹,*,*,*,*,仕方,シカタ,シカタ
ない,助動詞,*,*,*,特殊・ナイ,基本形,ない,ナイ,ナイ
ね,助詞,終助詞,*,*,*,*,ね,ネ,ネ
。,記号,句点,*,*,*,*,。,。,。
」,記号,括弧閉,*,*,*,*,」,」,」
すると,接続詞,*,*,*,*,*,すると,スルト,スルト
すぐ,副詞,助詞類接続,*,*,*,*,すぐ,スグ,スグ
その,連体詞,*,*,*,*,*,その,ソノ,ソノ
前,名詞,副詞可能,*,*,*,*,前,マエ,マエ
に,助詞,格助詞,一般,*,*,*,に,ニ,ニ
次,名詞,一般,*,*,*,*,次,ツギ,ツギ
の,助詞,連体化,*,*,*,*,の,ノ,ノ
戸,名詞,一般,*,*,*,*,戸,ト,ト
が,助詞,格助詞,一般,*,*,*,が,ガ,ガ
あり,動詞,自立,*,*,五段・ラ行,連用形,ある,アリ,アリ
まし,助動詞,*,*,*,特殊・マス,連用形,ます,マシ,マシ
た,助動詞,*,*,*,特殊・タ,基本形,た,タ,タ
。,記号,句点,*,*,*,*,。,。,。
「,記号,括弧開,*,*,*,*,「,「,「
料理,名詞,サ変接続,*,*,*,*,料理,リョウリ,リョーリ
は,助詞,係助詞,*,*,*,*,は,ハ,ワ
もうすぐ,副詞,一般,*,*,*,*,もうすぐ,モウスグ,モースグ
でき,動詞,自立,*,*,一段,連用形,できる,デキ,デキ
ます,助動詞,*,*,*,特殊・マス,基本形,ます,マス,マス
。,記号,句点,*,*,*,*,。,。,。
十,名詞,数,*,*,*,*,十,ジュウ,ジュー
五,名詞,数,*,*,*,*,五,ゴ,ゴ
分,名詞,接尾,助数詞,*,*,*,分,フン,フン
と,助詞,並立助詞,*,*,*,*,と,ト,ト
お,接頭詞,名詞接続,*,*,*,*,お,オ,オ
待た,動詞,自立,*,*,五段・タ行,未然形,待つ,マタ,マタ
せ,動詞,接尾,*,*,一段,連用形,せる,セ,セ
は,助詞,係助詞,*,*,*,*,は,ハ,ワ
いたし,動詞,自立,*,*,五段・サ行,連用形,いたす,イタシ,イタシ
ませ,助動詞,*,*,*,特殊・マス,未然形,ます,マセ,マセ
ん,助動詞,*,*,*,不変化型,基本形,ん,ン,ン
。,記号,句点,*,*,*,*,。,。,。
すぐ,副詞,助詞類接続,*,*,*,*,すぐ,スグ,スグ
たべ,動詞,自立,*,*,一段,未然形,たべる,タベ,タベ
られ,動詞,接尾,*,*,一段,連用形,られる,ラレ,ラレ
ます,助動詞,*,*,*,特殊・マス,基本形,ます,マス,マス
。,記号,句点,*,*,*,*,。,。,。
早く,形容詞,自立,*,*,形容詞・アウオ段,連用テ接続,早い,ハヤク,ハヤク
あなた,名詞,代名詞,一般,*,*,*,あなた,アナタ,アナタ
の,助詞,連体化,*,*,*,*,の,ノ,ノ
頭,名詞,一般,*,*,*,*,頭,アタマ,アタマ
に,助詞,格助詞,一般,*,*,*,に,ニ,ニ
瓶,名詞,一般,*,*,*,*,瓶,ビン,ビン
の,助詞,連体化,*,*,*,*,の,ノ,ノ
中,名詞,非自立,副詞可能,*,*,*,中,ナカ,ナカ
の,助詞,連体化,*,*,*,*,の,ノ,ノ
香水,名詞,一般,*,*,*,*,香水,コウスイ,コースイ
を,助詞,格助詞,一般,*,*,*,を,ヲ,ヲ
よく,副詞,一般,*,*,*,*,よく,ヨク,ヨク
振りかけ,動詞,自立,*,*,一段,連用形,振りかける,フリカケ,フリカケ
て,助詞,接続助詞,*,*,*,*,て,テ,テ
ください,動詞,非自立,*,*,五段・ラ行特殊,命令ｉ,くださる,クダサイ,クダサイ
。,記号,句点,*,*,*,*,。,。,。
」,記号,括弧閉,*,*,*,*,」,」,」
そして,接続詞,*,*,*,*,*,そして,ソシテ,ソシテ
戸,名詞,一般,*,*,*,*,戸,ト,ト
の,助詞,連体化,*,*,*,*,の,ノ,ノ
前,名詞,副詞可能,*,*,*,*,前,マエ,マエ
に,助詞,格助詞,一般,*,*,*,に,ニ,ニ
は,助詞,係助詞,*,*,*,*,は,ハ,ワ
金ピカ,名詞,一般,*,*,*,*,金ピカ,キンピカ,キンピカ
の,助詞,連体化,*,*,*,*,の,ノ,ノ
香水,名詞,一般,*,*,*,*,香水,コウスイ,コースイ
の,助詞,連体化,*,*,*,*,の,ノ,ノ
瓶,名詞,一般,*,*,*,*,瓶,ビン,ビン
が,助詞,格助詞,一般,*,*,*,が,ガ,ガ
置い,動詞,自立,*,*,五段・カ行イ音便,連用タ接続,置く,オイ,オイ
て,助詞,接続助詞,*,*,*,*,て,テ,テ
あり,動詞,非自立,*,*,五段・ラ行,連用形,ある,アリ,アリ
まし,助動詞,*,*,*,特殊・マス,連用形,ます,マシ,マシ
た,助動詞,*,*,*,特殊・タ,基本形,た,タ,タ
。,記号,句点,*,*,*,*,。,。,。
二,名詞,数,*,*,*,*,二,ニ,ニ
人,名詞,接尾,助数詞,*,*,*,人,ニン,ニン
は,助詞,係助詞,*,*,*,*,は,ハ,ワ
その,連体詞,*,*,*,*,*,その,ソノ,ソノ
香水,名詞,一般,*,*,*,*,香水,コウスイ,コースイ
を,助詞,格助詞,一般,*,*,*,を,ヲ,ヲ
、,記号,読点,*,*,*,*,、,、,、
頭,名詞,一般,*,*,*,*,頭,アタマ,アタマ
へ,助詞,格助詞,一般,*,*,*,へ,ヘ,エ
ぱちやぱちや,名詞,一般,*,*,*,*,ぱちやぱちや,*,*
振りかけ,動詞,自立,*,*,一段,連用形,振りかける,フリカケ,フリカケ
まし,助動詞,*,*,*,特殊・マス,連用形,ます,マシ,マシ
た,助動詞,*,*,*,特殊・タ,基本形,た,タ,タ
。,記号,句点,*,*,*,*,。,。,。
ところが,接続詞,*,*,*,*,*,ところが,トコロガ,トコロガ
その,連体詞,*,*,*,*,*,その,ソノ,ソノ
香水,名詞,一般,*,*,*,*,香水,コウスイ,コースイ
は,助詞,係助詞,*,*,*,*,は,ハ,ワ
、,記号,読点,*,*,*,*,、,、,、
どうも,副詞,一般,*,*,*,*,どうも,ドウモ,ドーモ
酢,名詞,一般,*,*,*,*,酢,ス,ス
の,助詞,連体化,*,*,*,*,の,ノ,ノ
やう,名詞,非自立,助動詞語幹,*,*,*,やう,ヤウ,ヨー
な,助動詞,*,*,*,特殊・ダ,体言接続,だ,ナ,ナ
匂,名詞,一般,*,*,*,*,匂,ニオイ,ニオイ
が,助詞,格助詞,一般,*,*,*,が,ガ,ガ
する,動詞,自立,*,*,サ変・スル,基本形,する,スル,スル
の,名詞,非自立,一般,*,*,*,の,ノ,ノ
でし,助動詞,*,*,*,特殊・デス,連用形,です,デシ,デシ
た,助動詞,*,*,*,特殊・タ,基本形,た,タ,タ
。,記号,句点,*,*,*,*,。,。,。
「,記号,括弧開,*,*,*,*,「,「,「
この,連体詞,*,*,*,*,*,この,コノ,コノ
香水,名詞,一般,*,*,*,*,香水,コウスイ,コースイ
は,助詞,係助詞,*,*,*,*,は,ハ,ワ
へん,名詞,一般,*,*,*,*,へん,ヘン,ヘン
に,助詞,格助詞,一般,*,*,*,に,ニ,ニ
酢,名詞,一般,*,*,*,*,酢,ス,ス
くさい,形容詞,自立,*,*,形容詞・アウオ段,基本形,くさい,クサイ,クサイ
。,記号,句点,*,*,*,*,。,。,。
どう,副詞,助詞類接続,*,*,*,*,どう,ドウ,ドー
し,動詞,自立,*,*,サ変・スル,連用形,する,シ,シ
た,助動詞,*,*,*,特殊・タ,基本形,た,タ,タ
ん,名詞,非自立,一般,*,*,*,ん,ン,ン
だら,助動詞,*,*,*,特殊・ダ,未然形,だ,ダラ,ダラ
う,助動詞,*,*,*,不変化型,基本形,う,ウ,ウ
。,記号,句点,*,*,*,*,。,。,。
」,記号,括弧閉,*,*,*,*,」,」,」
「,記号,括弧開,*,*,*,*,「,「,「
まち,名詞,一般,*,*,*,*,まち,マチ,マチ
が,助詞,格助詞,一般,*,*,*,が,ガ,ガ
へ,動詞,自立,*,*,一段,連用形,へる,ヘ,ヘ
た,助動詞,*,*,*,特殊・タ,基本形,た,タ,タ
ん,名詞,非自立,一般,*,*,*,ん,ン,ン
だ,助動詞,*,*,*,特殊・ダ,基本形,だ,ダ,ダ
。,記号,句点,*,*,*,*,。,。,。
下女,名詞,一般,*,*,*,*,下女,ゲジョ,ゲジョ
が,助詞,格助詞,一般,*,*,*,が,ガ,ガ
風邪,名詞,一般,*,*,*,*,風邪,カゼ,カゼ
でも,助詞,副助詞,*,*,*,*,でも,デモ,デモ
引い,動詞,自立,*,*,五段・カ行イ音便,連用タ接続,引く,ヒイ,ヒイ
て,助詞,接続助詞,*,*,*,*,て,テ,テ
まち,名詞,一般,*,*,*,*,まち,マチ,マチ
が,助詞,格助詞,一般,*,*,*,が,ガ,ガ
へ,動詞,自立,*,*,一段,連用形,へる,ヘ,ヘ
て,助詞,接続助詞,*,*,*,*,て,テ,テ
入れ,動詞,自立,*,*,一段,連用形,入れる,イレ,イレ
た,助動詞,*,*,*,特殊・タ,基本形,た,タ,タ
ん,名詞,非自立,一般,*,*,*,ん,ン,ン
だ,助動詞,*,*,*,特殊・ダ,基本形,だ,ダ,ダ
。,記号,句点,*,*,*,*,。,。,。
」,記号,括弧閉,*,*,*,*,」,」,」
二,名詞,数,*,*,*,*,二,ニ,ニ
人,名詞,接尾,助数詞,*,*,*,人,ニン,ニン
は,助詞,係助詞,*,*,*,*,は,ハ,ワ
扉,名詞,一般,*,*,*,*,扉,トビラ,トビラ
を,助詞,格助詞,一般,*,*,*,を,ヲ,ヲ
あけ,動詞,自立,*,*,一段,連用形,あける,アケ,アケ
て,助詞,接続助詞,*,*,*,*,て,テ,テ
中,名詞,一般,*,*,*,*,中,ナカ,ナカ
に,助詞,格助詞,一般,*,*,*,に,ニ,ニ
は,助詞,係助詞,*,*,*,*,は,ハ,ワ
ひり,動詞,自立,*,*,五段・ラ行,連用形,ひる,ヒリ,ヒリ
まし,助動詞,*,*,*,特殊・マス,連用形,ます,マシ,マシ
た,助動詞,*,*,*,特殊・タ,基本形,た,タ,タ
。,記号,句点,*,*,*,*,。,。,。
扉,名詞,一般,*,*,*,*,扉,トビラ,トビラ
の,助詞,連体化,*,*,*,*,の,ノ,ノ
裏側,名詞,一般,*,*,*,*,裏側,ウラガワ,ウラガワ
に,助詞,格助詞,一般,*,*,*,に,ニ,ニ
は,助詞,係助詞,*,*,*,*,は,ハ,ワ
、,記号,読点,*,*,*,*,、,、,、
大きな,連体詞,*,*,*,*,*,大きな,オオキナ,オーキナ
字,名詞,一般,*,*,*,*,字,ジ,ジ
で,助詞,格助詞,一般,*,*,*,で,デ,デ
斯,名詞,一般,*,*,*,*,斯,*,*
う,助動詞,*,*,*,不変化型,基本形,う,ウ,ウ
書い,動詞,自立,*,*,五段・カ行イ音便,連用タ接続,書く,カイ,カイ
て,助詞,接続助詞,*,*,*,*,て,テ,テ
あり,動詞,非自立,*,*,五段・ラ行,連用形,ある,アリ,アリ
まし,助動詞,*,*,*,特殊・マス,連用形,ます,マシ,マシ
た,助動詞,*,*,*,特殊・タ,基本形,た,タ,タ
。,記号,句点,*,*,*,*,。,。,。
「,記号,括弧開,*,*,*,*,「,「,「
いろいろ,副詞,助詞類接続,*,*,*,*,いろいろ,イロイロ,イロイロ
注文,名詞,サ変接続,*,*,*,*,注文,チュウモン,チューモン
が,助詞,格助詞,一般,*,*,*,が,ガ,ガ
多く,形容詞,自立,*,*,形容詞・アウオ段,連用テ接続,多い,オオク,オーク
て,助詞,接続助詞,*,*,*,*,て,テ,テ
うる,動詞,非自立,*,*,一段・得ル,基本形,うる,ウル,ウル
さ,助詞,終助詞,*,*,*,*,さ,サ,サ
かつ,接続詞,*,*,*,*,*,かつ,カツ,カツ
たで,動詞,自立,*,*,一段,未然形,たでる,タデ,タデ
せ,動詞,接尾,*,*,一段,未然形,せる,セ,セ
う,助動詞,*,*,*,不変化型,基本形,う,ウ,ウ
。,記号,句点,*,*,*,*,。,。,。
お,接頭詞,名詞接続,*,*,*,*,お,オ,オ
気の毒,名詞,一般,*,*,*,*,気の毒,キノドク,キノドク
でし,助動詞,*,*,*,特殊・デス,連用形,です,デシ,デシ
た,助動詞,*,*,*,特殊・タ,基本形,た,タ,タ
。,記号,句点,*,*,*,*,。,。,。
もう,副詞,一般,*,*,*,*,もう,モウ,モー
これ,名詞,代名詞,一般,*,*,*,これ,コレ,コレ
だけ,助詞,副助詞,*,*,*,*,だけ,ダケ,ダケ
です,助動詞,*,*,*,特殊・デス,基本形,です,デス,デス
。,記号,句点,*,*,*,*,。,。,。
どう,副詞,助詞類接続,*,*,*,*,どう,ドウ,ドー
か,助詞,副助詞／並立助詞／終助詞,*,*,*,*,か,カ,カ
から,助詞,格助詞,一般,*,*,*,から,カラ,カラ
だ,助動詞,*,*,*,特殊・ダ,基本形,だ,ダ,ダ
中,名詞,非自立,副詞可能,*,*,*,中,ナカ,ナカ
に,助詞,格助詞,一般,*,*,*,に,ニ,ニ
、,記号,読点,*,*,*,*,、,、,、
壺,名詞,一般,*,*,*,*,壺,ツボ,ツボ
の,助詞,連体化,*,*,*,*,の,ノ,ノ
中,名詞,非自立,副詞可能,*,*,*,中,ナカ,ナカ
の,助詞,連体化,*,*,*,*,の,ノ,ノ
塩,名詞,一般,*,*,*,*,塩,シオ,シオ
を,助詞,格助詞,一般,*,*,*,を,ヲ,ヲ
たく,動詞,自立,*,*,五段・カ行イ音便,基本形,たく,タク,タク
さ,助詞,終助詞,*,*,*,*,さ,サ,サ
ん,助詞,格助詞,一般,*,*,*,ん,ン,ン
よく,副詞,一般,*,*,*,*,よく,ヨク,ヨク
もみ,動詞,自立,*,*,五段・マ行,連用形,もむ,モミ,モミ
込ん,動詞,非自立,*,*,五段・マ行,連用タ接続,込む,コン,コン
で,助詞,接続助詞,*,*,*,*,で,デ,デ
ください,動詞,非自立,*,*,五段・ラ行特殊,命令ｉ,くださる,クダサイ,クダサイ
。,記号,句点,*,*,*,*,。,。,。
」,記号,括弧閉,*,*,*,*,」,」,」
なるほど,感動詞,*,*,*,*,*,なるほど,ナルホド,ナルホド
立派,名詞,形容動詞語幹,*,*,*,*,立派,リッパ,リッパ
な,助動詞,*,*,*,特殊・ダ,体言接続,だ,ナ,ナ
青い,形容詞,自立,*,*,形容詞・アウオ段,基本形,青い,アオイ,アオイ
瀬戸,名詞,一般,*,*,*,*,瀬戸,セト,セト
の,助詞,連体化,*,*,*,*,の,ノ,ノ
塩,名詞,一般,*,*,*,*,塩,シオ,シオ
壺,名詞,一般,*,*,*,*,壺,ツボ,ツボ
は,助詞,係助詞,*,*,*,*,は,ハ,ワ
置い,動詞,自立,*,*,五段・カ行イ音便,連用タ接続,置く,オイ,オイ
て,助詞,接続助詞,*,*,*,*,て,テ,テ
あり,動詞,非自立,*,*,五段・ラ行,連用形,ある,アリ,アリ
まし,助動詞,*,*,*,特殊・マス,連用形,ます,マシ,マシ
た,助動詞,*,*,*,特殊・タ,基本形,た,タ,タ
が,助詞,接続助詞,*,*,*,*,が,ガ,ガ
、,記号,読点,*,*,*,*,、,、,、
こんど,名詞,副詞可能,*,*,*,*,こんど,コンド,コンド
といふ,助詞,格助詞,連語,*,*,*,といふ,トイフ,トユウ
こんど,名詞,副詞可能,*,*,*,*,こんど,コンド,コンド
は,助詞,係助詞,*,*,*,*,は,ハ,ワ
二,名詞,数,*,*,*,*,二,ニ,ニ
人,名詞,接尾,助数詞,*,*,*,人,ニン,ニン
とも,助詞,副助詞,*,*,*,*,とも,トモ,トモ
ぎよつとしてお,名詞,一般,*,*,*,*,ぎよつとしてお,*,*
互に,副詞,一般,*,*,*,*,互に,カタミニ,カタミニ
クリーム,名詞,一般,*,*,*,*,クリーム,クリーム,クリーム
を,助詞,格助詞,一般,*,*,*,を,ヲ,ヲ
たくさん,名詞,副詞可能,*,*,*,*,たくさん,タクサン,タクサン
塗,名詞,一般,*,*,*,*,塗,ヌリ,ヌリ
つた,名詞,固有名詞,人名,名,*,*,つた,ツタ,ツタ
顔,名詞,接尾,一般,*,*,*,顔,ガオ,ガオ
を,助詞,格助詞,一般,*,*,*,を,ヲ,ヲ
見合せ,動詞,自立,*,*,一段,連用形,見合せる,ミアワセ,ミアワセ
まし,助動詞,*,*,*,特殊・マス,連用形,ます,マシ,マシ
た,助動詞,*,*,*,特殊・タ,基本形,た,タ,タ
。,記号,句点,*,*,*,*,。,。,。
「,記号,括弧開,*,*,*,*,「,「,「
どうも,副詞,一般,*,*,*,*,どうも,ドウモ,ドーモ
を,助詞,格助詞,一般,*,*,*,を,ヲ,ヲ
かしい,動詞,自立,*,*,五段・ガ行,連用タ接続,かしぐ,カシイ,カシイ
ぜ,助詞,終助詞,*,*,*,*,ぜ,ゼ,ゼ
。,記号,句点,*,*,*,*,。,。,。
」,記号,括弧閉,*,*,*,*,」,」,」
「,記号,括弧開,*,*,*,*,「,「,「
ぼく,名詞,代名詞,一般,*,*,*,ぼく,ボク,ボク
も,助詞,係助詞,*,*,*,*,も,モ,モ
を,助詞,格助詞,一般,*,*,*,を,ヲ,ヲ
かしい,動詞,自立,*,*,五段・ガ行,連用タ接続,かしぐ,カシイ,カシイ
とお,形容詞,自立,*,*,形容詞・アウオ段,ガル接続,とおい,トオ,トー
も,助詞,係助詞,*,*,*,*,も,モ,モ
ふ,動詞,自立,*,*,五段・ラ行,体言接続特殊２,ふる,フ,フ
。,記号,句点,*,*,*,*,。,。,。
」,記号,括弧閉,*,*,*,*,」,」,」
「,記号,括弧開,*,*,*,*,「,「,「
沢山,名詞,一般,*,*,*,*,沢山,タクサン,タクサン
の,助詞,連体化,*,*,*,*,の,ノ,ノ
注文,名詞,サ変接続,*,*,*,*,注文,チュウモン,チューモン
といふ,助詞,格助詞,連語,*,*,*,といふ,トイフ,トユウ
の,名詞,非自立,一般,*,*,*,の,ノ,ノ
は,助詞,係助詞,*,*,*,*,は,ハ,ワ
、,記号,読点,*,*,*,*,、,、,、
向,接頭詞,名詞接続,*,*,*,*,向,コウ,コー
ふ,動詞,自立,*,*,五段・ラ行,体言接続特殊２,ふる,フ,フ
が,助詞,格助詞,一般,*,*,*,が,ガ,ガ
こ,動詞,自立,*,*,カ変・クル,未然形,くる,コ,コ
つ,助動詞,*,*,*,下二・タ行,基本形,つ,ツ,ツ
ち,動詞,自立,*,*,五段・ラ行,体言接続特殊２,ちる,チ,チ
へ,助詞,格助詞,一般,*,*,*,へ,ヘ,エ
注文,名詞,サ変接続,*,*,*,*,注文,チュウモン,チューモン
し,動詞,自立,*,*,サ変・スル,連用形,する,シ,シ
てる,動詞,非自立,*,*,一段,基本形,てる,テル,テル
ん,名詞,非自立,一般,*,*,*,ん,ン,ン
だ,助動詞,*,*,*,特殊・ダ,基本形,だ,ダ,ダ
よ,助詞,終助詞,*,*,*,*,よ,ヨ,ヨ
。,記号,句点,*,*,*,*,。,。,。
」,記号,括弧閉,*,*,*,*,」,」,」
「,記号,括弧開,*,*,*,*,「,「,「
だから,接続詞,*,*,*,*,*,だから,ダカラ,ダカラ
さ,助詞,終助詞,*,*,*,*,さ,サ,サ
、,記号,読点,*,*,*,*,、,、,、
西洋,名詞,一般,*,*,*,*,西洋,セイヨウ,セイヨー
料理,名詞,サ変接続,*,*,*,*,料理,リョウリ,リョーリ
店,名詞,接尾,一般,*,*,*,店,テン,テン
といふ,助詞,格助詞,連語,*,*,*,といふ,トイフ,トユウ
の,名詞,非自立,一般,*,*,*,の,ノ,ノ
は,助詞,係助詞,*,*,*,*,は,ハ,ワ
、,記号,読点,*,*,*,*,、,、,、
ぼく,名詞,代名詞,一般,*,*,*,ぼく,ボク,ボク
の,助詞,格助詞,一般,*,*,*,の,ノ,ノ
考へる,動詞,自立,*,*,一段,基本形,考へる,カンガヘル,カンガエル
ところ,名詞,非自立,副詞可能,*,*,*,ところ,トコロ,トコロ
で,助詞,格助詞,一般,*,*,*,で,デ,デ
は,助詞,係助詞,*,*,*,*,は,ハ,ワ
、,記号,読点,*,*,*,*,、,、,、
西洋,名詞,一般,*,*,*,*,西洋,セイヨウ,セイヨー
料理,名詞,サ変接続,*,*,*,*,料理,リョウリ,リョーリ
を,助詞,格助詞,一般,*,*,*,を,ヲ,ヲ
、,記号,読点,*,*,*,*,、,、,、
来,動詞,自立,*,*,カ変・来ル,連用形,来る,キ,キ
た,助動詞,*,*,*,特殊・タ,基本形,た,タ,タ
人,名詞,一般,*,*,*,*,人,ヒト,ヒト
に,助詞,格助詞,一般,*,*,*,に,ニ,ニ
たべ,動詞,自立,*,*,一段,未然形,たべる,タベ,タベ
させる,動詞,接尾,*,*,一段,基本形,させる,サセル,サセル
の,名詞,非自立,一般,*,*,*,の,ノ,ノ
で,助動詞,*,*,*,特殊・ダ,連用形,だ,デ,デ
は,助詞,係助詞,*,*,*,*,は,ハ,ワ
なく,形容詞,自立,*,*,形容詞・アウオ段,連用テ接続,ない,ナク,ナク
て,助詞,接続助詞,*,*,*,*,て,テ,テ
、,記号,読点,*,*,*,*,、,、,、
来,動詞,自立,*,*,カ変・来ル,連用形,来る,キ,キ
た,助動詞,*,*,*,特殊・タ,基本形,た,タ,タ
人,名詞,一般,*,*,*,*,人,ヒト,ヒト
を,助詞,格助詞,一般,*,*,*,を,ヲ,ヲ
西洋,名詞,一般,*,*,*,*,西洋,セイヨウ,セイヨー
料理,名詞,サ変接続,*,*,*,*,料理,リョウリ,リョーリ
に,助詞,格助詞,一般,*,*,*,に,ニ,ニ
し,動詞,自立,*,*,サ変・スル,連用形,する,シ,シ
て,助詞,接続助詞,*,*,*,*,て,テ,テ
、,記号,読点,*,*,*,*,、,、,、
食べ,動詞,自立,*,*,一段,連用形,食べる,タベ,タベ
て,助詞,接続助詞,*,*,*,*,て,テ,テ
やる,動詞,非自立,*,*,五段・ラ行,基本形,やる,ヤル,ヤル
家,名詞,一般,*,*,*,*,家,イエ,イエ
と,助詞,格助詞,一般,*,*,*,と,ト,ト
かう,動詞,自立,*,*,五段・ワ行促音便,基本形,かう,カウ,カウ
いふ,動詞,自立,*,*,四段・ハ行,基本形,いふ,イフ,ユウ
こと,名詞,非自立,一般,*,*,*,こと,コト,コト
な,助動詞,*,*,*,特殊・ダ,体言接続,だ,ナ,ナ
ん,名詞,非自立,一般,*,*,*,ん,ン,ン
だ,助動詞,*,*,*,特殊・ダ,基本形,だ,ダ,ダ
。,記号,句点,*,*,*,*,。,。,。
これ,名詞,代名詞,一般,*,*,*,これ,コレ,コレ
は,助詞,係助詞,*,*,*,*,は,ハ,ワ
、,記号,読点,*,*,*,*,、,、,、
その,連体詞,*,*,*,*,*,その,ソノ,ソノ
、,記号,読点,*,*,*,*,、,、,、
つ,助動詞,*,*,*,下二・タ行,基本形,つ,ツ,ツ
、,記号,読点,*,*,*,*,、,、,、
つ,助動詞,*,*,*,下二・タ行,基本形,つ,ツ,ツ
、,記号,読点,*,*,*,*,、,、,、
つ,助動詞,*,*,*,下二・タ行,基本形,つ,ツ,ツ
、,記号,読点,*,*,*,*,、,、,、
つまり,接続詞,*,*,*,*,*,つまり,ツマリ,ツマリ
、,記号,読点,*,*,*,*,、,、,、
ぼ,動詞,自立,*,*,五段・ラ行,体言接続特殊２,ぼる,ボ,ボ
、,記号,読点,*,*,*,*,、,、,、
ぼ,動詞,自立,*,*,五段・ラ行,体言接続特殊２,ぼる,ボ,ボ
、,記号,読点,*,*,*,*,、,、,、
ぼく,名詞,代名詞,一般,*,*,*,ぼく,ボク,ボク
ら,名詞,接尾,一般,*,*,*,ら,ラ,ラ
が,助詞,格助詞,一般,*,*,*,が,ガ,ガ
…,記号,一般,*,*,*,*,…,…,…
…,記号,一般,*,*,*,*,…,…,…
。,記号,句点,*,*,*,*,。,。,。
」,記号,括弧閉,*,*,*,*,」,」,」
がたがた,名詞,一般,*,*,*,*,がたがた,ガタガタ,ガタガタ
がたがた,名詞,一般,*,*,*,*,がたがた,ガタガタ,ガタガタ
、,記号,読点,*,*,*,*,、,、,、
ふるへ,動詞,自立,*,*,四段・ハ行,命令ｅ,ふるふ,フルヘ,フルエ
だし,動詞,非自立,*,*,五段・サ行,連用形,だす,ダシ,ダシ
て,助詞,接続助詞,*,*,*,*,て,テ,テ
もう,副詞,一般,*,*,*,*,もう,モウ,モー
もの,名詞,非自立,一般,*,*,*,もの,モノ,モノ
が,助詞,格助詞,一般,*,*,*,が,ガ,ガ
言,名詞,一般,*,*,*,*,言,ゲン,ゲン
へ,助詞,格助詞,一般,*,*,*,へ,ヘ,エ
ませ,助動詞,*,*,*,特殊・マス,未然形,ます,マセ,マセ
ん,助動詞,*,*,*,不変化型,基本形,ん,ン,ン
でし,助動詞,*,*,*,特殊・デス,連用形,です,デシ,デシ
た,助動詞,*,*,*,特殊・タ,基本形,た,タ,タ
。,記号,句点,*,*,*,*,。,。,。
「,記号,括弧開,*,*,*,*,「,「,「
その,連体詞,*,*,*,*,*,その,ソノ,ソノ
、,記号,読点,*,*,*,*,、,、,、
ぼ,動詞,自立,*,*,五段・ラ行,体言接続特殊２,ぼる,ボ,ボ
、,記号,読点,*,*,*,*,、,、,、
ぼく,名詞,代名詞,一般,*,*,*,ぼく,ボク,ボク
ら,名詞,接尾,一般,*,*,*,ら,ラ,ラ
が,助詞,格助詞,一般,*,*,*,が,ガ,ガ
、,記号,読点,*,*,*,*,、,、,、
…,記号,一般,*,*,*,*,…,…,…
…,記号,一般,*,*,*,*,…,…,…
うわ,感動詞,*,*,*,*,*,うわ,ウワ,ウワ
あ,感動詞,*,*,*,*,*,あ,ア,ア
。,記号,句点,*,*,*,*,。,。,。
」,記号,括弧閉,*,*,*,*,」,」,」
がたがた,副詞,一般,*,*,*,*,がたがた,ガタガタ,ガタガタ
がたがた,副詞,一般,*,*,*,*,がたがた,ガタガタ,ガタガタ
ふるへ,動詞,自立,*,*,四段・ハ行,命令ｅ,ふるふ,フルヘ,フルエ
だし,動詞,非自立,*,*,五段・サ行,連用形,だす,ダシ,ダシ
て,助詞,接続助詞,*,*,*,*,て,テ,テ
、,記号,読点,*,*,*,*,、,、,、
もう,副詞,一般,*,*,*,*,もう,モウ,モー
もの,名詞,非自立,一般,*,*,*,もの,モノ,モノ
が,助詞,格助詞,一般,*,*,*,が,ガ,ガ
言,名詞,一般,*,*,*,*,言,ゲン,ゲン
へ,助詞,格助詞,一般,*,*,*,へ,ヘ,エ
ませ,助動詞,*,*,*,特殊・マス,未然形,ます,マセ,マセ
ん,助動詞,*,*,*,不変化型,基本形,ん,ン,ン
でし,助動詞,*,*,*,特殊・デス,連用形,です,デシ,デシ
た,助動詞,*,*,*,特殊・タ,基本形,た,タ,タ
。,記号,句点,*,*,*,*,。,。,。
「,記号,括弧開,*,*,*,*,「,「,「
遁,名詞,一般,*,*,*,*,遁,*,*
げ,名詞,接尾,一般,*,*,*,げ,ゲ,ゲ
…,記号,一般,*,*,*,*,…,…,…
…,記号,一般,*,*,*,*,…,…,…
。,記号,句点,*,*,*,*,。,。,。
」,記号,括弧閉,*,*,*,*,」,」,」
がたがた,名詞,一般,*,*,*,*,がたがた,ガタガタ,ガタガタ
し,動詞,自立,*,*,サ変・スル,連用形,する,シ,シ
ながら,助詞,接続助詞,*,*,*,*,ながら,ナガラ,ナガラ
一,名詞,数,*,*,*,*,一,イチ,イチ
人,名詞,接尾,助数詞,*,*,*,人,ニン,ニン
の,助詞,連体化,*,*,*,*,の,ノ,ノ
紳士,名詞,一般,*,*,*,*,紳士,シンシ,シンシ
は,助詞,係助詞,*,*,*,*,は,ハ,ワ
うし,名詞,一般,*,*,*,*,うし,ウシ,ウシ
ろ,名詞,一般,*,*,*,*,ろ,ロ,ロ
の,助詞,連体化,*,*,*,*,の,ノ,ノ
戸,名詞,一般,*,*,*,*,戸,ト,ト
を,助詞,格助詞,一般,*,*,*,を,ヲ,ヲ
押さ,動詞,自立,*,*,五段・サ行,未然形,押す,オサ,オサ
う,助動詞,*,*,*,不変化型,基本形,う,ウ,ウ
と,助詞,格助詞,引用,*,*,*,と,ト,ト
し,動詞,自立,*,*,サ変・スル,連用形,する,シ,シ
まし,助動詞,*,*,*,特殊・マス,連用形,ます,マシ,マシ
た,助動詞,*,*,*,特殊・タ,基本形,た,タ,タ
が,助詞,接続助詞,*,*,*,*,が,ガ,ガ
、,記号,読点,*,*,*,*,、,、,、
どう,副詞,助詞類接続,*,*,*,*,どう,ドウ,ドー
です,助動詞,*,*,*,特殊・デス,基本形,です,デス,デス
、,記号,読点,*,*,*,*,、,、,、
戸,名詞,一般,*,*,*,*,戸,ト,ト
は,助詞,係助詞,*,*,*,*,は,ハ,ワ
もう,副詞,一般,*,*,*,*,もう,モウ,モー
一,名詞,数,*,*,*,*,一,イチ,イチ
分,名詞,接尾,助数詞,*,*,*,分,フン,フン
も,助詞,係助詞,*,*,*,*,も,モ,モ
動き,動詞,自立,*,*,五段・カ行イ音便,連用形,動く,ウゴキ,ウゴキ
ませ,助動詞,*,*,*,特殊・マス,未然形,ます,マセ,マセ
ん,助動詞,*,*,*,不変化型,基本形,ん,ン,ン
でし,助動詞,*,*,*,特殊・デス,連用形,です,デシ,デシ
た,助動詞,*,*,*,特殊・タ,基本形,た,タ,タ
。,記号,句点,*,*,*,*,。,。,。
奥,名詞,一般,*,*,*,*,奥,オク,オク
の,助詞,連体化,*,*,*,*,の,ノ,ノ
方,名詞,非自立,一般,*,*,*,方,ホウ,ホー
に,助詞,格助詞,一般,*,*,*,に,ニ,ニ
は,助詞,係助詞,*,*,*,*,は,ハ,ワ
まだ,副詞,助詞類接続,*,*,*,*,まだ,マダ,マダ
一,名詞,数,*,*,*,*,一,イチ,イチ
枚,名詞,接尾,助数詞,*,*,*,枚,マイ,マイ
扉,名詞,一般,*,*,*,*,扉,トビラ,トビラ
が,助詞,格助詞,一般,*,*,*,が,ガ,ガ
あつ,形容詞,自立,*,*,形容詞・アウオ段,ガル接続,あつい,アツ,アツ
て,助詞,接続助詞,*,*,*,*,て,テ,テ
、,記号,読点,*,*,*,*,、,、,、
大きな,連体詞,*,*,*,*,*,大きな,オオキナ,オーキナ
かぎ,名詞,一般,*,*,*,*,かぎ,カギ,カギ
穴,名詞,一般,*,*,*,*,穴,アナ,アナ
が,助詞,格助詞,一般,*,*,*,が,ガ,ガ
二つ,名詞,一般,*,*,*,*,二つ,フタツ,フタツ
つき,名詞,接尾,一般,*,*,*,つき,ツキ,ツキ
、,記号,読点,*,*,*,*,、,、,、
銀,名詞,一般,*,*,*,*,銀,ギン,ギン
いろ,動詞,自立,*,*,一段,命令ｒｏ,いる,イロ,イロ
の,助詞,連体化,*,*,*,*,の,ノ,ノ
ホーク,名詞,一般,*,*,*,*,ホーク,ホーク,ホーク
と,助詞,並立助詞,*,*,*,*,と,ト,ト
ナイフ,名詞,一般,*,*,*,*,ナイフ,ナイフ,ナイフ
の,助詞,連体化,*,*,*,*,の,ノ,ノ
形,名詞,一般,*,*,*,*,形,カタチ,カタチ
が,助詞,格助詞,一般,*,*,*,が,ガ,ガ
切り,動詞,自立,*,*,五段・ラ行,連用形,切る,キリ,キリ
だし,動詞,非自立,*,*,五段・サ行,連用形,だす,ダシ,ダシ
てあつ,形容詞,自立,*,*,形容詞・アウオ段,ガル接続,てあつい,テアツ,テアツ
て,助詞,接続助詞,*,*,*,*,て,テ,テ
、,記号,読点,*,*,*,*,、,、,、
「,記号,括弧開,*,*,*,*,「,「,「
いや,接続詞,*,*,*,*,*,いや,イヤ,イヤ
、,記号,読点,*,*,*,*,、,、,、
わざわざ,副詞,助詞類接続,*,*,*,*,わざわざ,ワザワザ,ワザワザ
ご苦労,名詞,形容動詞語幹,*,*,*,*,ご苦労,ゴクロウ,ゴクロー
です,助動詞,*,*,*,特殊・デス,基本形,です,デス,デス
。,記号,句点,*,*,*,*,。,。,。
大,接頭詞,名詞接続,*,*,*,*,大,ダイ,ダイ
へん,名詞,一般,*,*,*,*,へん,ヘン,ヘン
結構,名詞,形容動詞語幹,*,*,*,*,結構,ケッコウ,ケッコー
に,助詞,副詞化,*,*,*,*,に,ニ,ニ
でき,動詞,自立,*,*,一段,連用形,できる,デキ,デキ
まし,助動詞,*,*,*,特殊・マス,連用形,ます,マシ,マシ
た,助動詞,*,*,*,特殊・タ,基本形,た,タ,タ
。,記号,句点,*,*,*,*,。,。,。
さあ,感動詞,*,*,*,*,*,さあ,サア,サー
さあ,感動詞,*,*,*,*,*,さあ,サア,サー
おなか,名詞,一般,*,*,*,*,おなか,オナカ,オナカ
に,助詞,格助詞,一般,*,*,*,に,ニ,ニ
お,接頭詞,名詞接続,*,*,*,*,お,オ,オ
は,助詞,係助詞,*,*,*,*,は,ハ,ワ
ひり,動詞,自立,*,*,五段・ラ行,連用形,ひる,ヒリ,ヒリ
ください,動詞,非自立,*,*,五段・ラ行特殊,命令ｉ,くださる,クダサイ,クダサイ
。,記号,句点,*,*,*,*,。,。,。
」,記号,括弧閉,*,*,*,*,」,」,」
と,助詞,格助詞,引用,*,*,*,と,ト,ト
書い,動詞,自立,*,*,五段・カ行イ音便,連用タ接続,書く,カイ,カイ
て,助詞,接続助詞,*,*,*,*,て,テ,テ
あり,動詞,非自立,*,*,五段・ラ行,連用形,ある,アリ,アリ
まし,助動詞,*,*,*,特殊・マス,連用形,ます,マシ,マシ
た,助動詞,*,*,*,特殊・タ,基本形,た,タ,タ
。,記号,句点,*,*,*,*,。,。,。
おまけ,名詞,サ変接続,*,*,*,*,おまけ,オマケ,オマケ
に,助詞,格助詞,一般,*,*,*,に,ニ,ニ
かぎ,動詞,自立,*,*,五段・ガ行,連用形,かぐ,カギ,カギ
穴,名詞,一般,*,*,*,*,穴,アナ,アナ
から,助詞,格助詞,一般,*,*,*,から,カラ,カラ
はき,動詞,自立,*,*,五段・カ行イ音便,連用形,はく,ハキ,ハキ
よろ,動詞,自立,*,*,五段・ラ行,未然ウ接続,よる,ヨロ,ヨロ
き,助動詞,*,*,*,文語・キ,基本形,き,キ,キ
よ,助詞,終助詞,*,*,*,*,よ,ヨ,ヨ
ろ,名詞,一般,*,*,*,*,ろ,ロ,ロ
二つ,名詞,一般,*,*,*,*,二つ,フタツ,フタツ
の,助詞,格助詞,一般,*,*,*,の,ノ,ノ
青い,形容詞,自立,*,*,形容詞・アウオ段,基本形,青い,アオイ,アオイ
眼,名詞,一般,*,*,*,*,眼,メ,メ
玉,名詞,接尾,一般,*,*,*,玉,ダマ,ダマ
が,助詞,格助詞,一般,*,*,*,が,ガ,ガ
こ,動詞,自立,*,*,カ変・クル,未然形,くる,コ,コ
つ,助動詞,*,*,*,下二・タ行,基本形,つ,ツ,ツ
ち,動詞,自立,*,*,五段・ラ行,体言接続特殊２,ちる,チ,チ
を,助詞,格助詞,一般,*,*,*,を,ヲ,ヲ
のぞい,動詞,自立,*,*,五段・カ行イ音便,連用タ接続,のぞく,ノゾイ,ノゾイ
て,助詞,接続助詞,*,*,*,*,て,テ,テ
ゐ,動詞,自立,*,*,一段,連用形,ゐる,ヰ,イ
ます,助動詞,*,*,*,特殊・マス,基本形,ます,マス,マス
。,記号,句点,*,*,*,*,。,。,。
「,記号,括弧開,*,*,*,*,「,「,「
うわ,感動詞,*,*,*,*,*,うわ,ウワ,ウワ
あ,感動詞,*,*,*,*,*,あ,ア,ア
。,記号,句点,*,*,*,*,。,。,。
」,記号,括弧閉,*,*,*,*,」,」,」
がたがた,名詞,一般,*,*,*,*,がたがた,ガタガタ,ガタガタ
がたがた,名詞,一般,*,*,*,*,がたがた,ガタガタ,ガタガタ
。,記号,句点,*,*,*,*,。,。,。
「,記号,括弧開,*,*,*,*,「,「,「
うわ,感動詞,*,*,*,*,*,うわ,ウワ,ウワ
あ,感動詞,*,*,*,*,*,あ,ア,ア
。,記号,句点,*,*,*,*,。,。,。
」,記号,括弧閉,*,*,*,*,」,」,」
がたがた,名詞,一般,*,*,*,*,がたがた,ガタガタ,ガタガタ
がたがた,名詞,一般,*,*,*,*,がたがた,ガタガタ,ガタガタ
。,記号,句点,*,*,*,*,。,。,。
ふたり,名詞,一般,*,*,*,*,ふたり,フタリ,フタリ
は,助詞,係助詞,*,*,*,*,は,ハ,ワ
泣き,動詞,自立,*,*,五段・カ行イ音便,連用形,泣く,ナキ,ナキ
出し,動詞,非自立,*,*,五段・サ行,連用形,出す,ダシ,ダシ
まし,助動詞,*,*,*,特殊・マス,連用形,ます,マシ,マシ
た,助動詞,*,*,*,特殊・タ,基本形,た,タ,タ
。,記号,句点,*,*,*,*,。,。,。
すると,接続詞,*,*,*,*,*,すると,スルト,スルト
戸,名詞,一般,*,*,*,*,戸,ト,ト
の,助詞,連体化,*,*,*,*,の,ノ,ノ
中,名詞,非自立,副詞可能,*,*,*,中,ナカ,ナカ
で,助詞,格助詞,一般,*,*,*,で,デ,デ
は,助詞,係助詞,*,*,*,*,は,ハ,ワ
、,記号,読点,*,*,*,*,、,、,、
こそこそ,副詞,一般,*,*,*,*,こそこそ,コソコソ,コソコソ
こんな,連体詞,*,*,*,*,*,こんな,コンナ,コンナ
こと,名詞,非自立,一般,*,*,*,こと,コト,コト
を,助詞,格助詞,一般,*,*,*,を,ヲ,ヲ
云,名詞,一般,*,*,*,*,云,ウン,ウン
つて,名詞,一般,*,*,*,*,つて,ツテ,ツテ
ゐ,動詞,自立,*,*,一段,連用形,ゐる,ヰ,イ
ます,助動詞,*,*,*,特殊・マス,基本形,ます,マス,マス
。,記号,句点,*,*,*,*,。,。,。
「,記号,括弧開,*,*,*,*,「,「,「
だめ,名詞,形容動詞語幹,*,*,*,*,だめ,ダメ,ダメ
だ,助動詞,*,*,*,特殊・ダ,基本形,だ,ダ,ダ
よ,助詞,終助詞,*,*,*,*,よ,ヨ,ヨ
。,記号,句点,*,*,*,*,。,。,。
もう,副詞,一般,*,*,*,*,もう,モウ,モー
気がつい,動詞,自立,*,*,五段・カ行イ音便,連用タ接続,気がつく,キガツイ,キガツイ
た,助動詞,*,*,*,特殊・タ,基本形,た,タ,タ
よ,助詞,終助詞,*,*,*,*,よ,ヨ,ヨ
。,記号,句点,*,*,*,*,。,。,。
塩,名詞,一般,*,*,*,*,塩,シオ,シオ
を,助詞,格助詞,一般,*,*,*,を,ヲ,ヲ
も,助詞,係助詞,*,*,*,*,も,モ,モ
みこま,動詞,自立,*,*,五段・マ行,未然形,みこむ,ミコマ,ミコマ
ない,助動詞,*,*,*,特殊・ナイ,基本形,ない,ナイ,ナイ
やう,名詞,非自立,助動詞語幹,*,*,*,やう,ヤウ,ヨー
だ,助動詞,*,*,*,特殊・ダ,基本形,だ,ダ,ダ
よ,助詞,終助詞,*,*,*,*,よ,ヨ,ヨ
。,記号,句点,*,*,*,*,。,。,。
」,記号,括弧閉,*,*,*,*,」,」,」
「,記号,括弧開,*,*,*,*,「,「,「
あたり,名詞,一般,*,*,*,*,あたり,アタリ,アタリ
ま,フィラー,*,*,*,*,*,ま,マ,マ
へ,助詞,格助詞,一般,*,*,*,へ,ヘ,エ
さ,助詞,終助詞,*,*,*,*,さ,サ,サ
。,記号,句点,*,*,*,*,。,。,。
親分,名詞,一般,*,*,*,*,親分,オヤブン,オヤブン
の,助詞,連体化,*,*,*,*,の,ノ,ノ
書き,動詞,自立,*,*,五段・カ行イ音便,連用形,書く,カキ,カキ
やう,名詞,非自立,助動詞語幹,*,*,*,やう,ヤウ,ヨー
がま,名詞,一般,*,*,*,*,がま,ガマ,ガマ
づい,動詞,自立,*,*,五段・カ行イ音便,連用タ接続,づく,ヅイ,ズイ
ん,助動詞,*,*,*,不変化型,基本形,ん,ン,ン
だ,助動詞,*,*,*,特殊・ダ,基本形,だ,ダ,ダ
。,記号,句点,*,*,*,*,。,。,。
あすこ,名詞,一般,*,*,*,*,あすこ,アスコ,アスコ
へ,助詞,格助詞,一般,*,*,*,へ,ヘ,エ
、,記号,読点,*,*,*,*,、,、,、
いろいろ,副詞,助詞類接続,*,*,*,*,いろいろ,イロイロ,イロイロ
注文,名詞,サ変接続,*,*,*,*,注文,チュウモン,チューモン
が,助詞,格助詞,一般,*,*,*,が,ガ,ガ
多く,形容詞,自立,*,*,形容詞・アウオ段,連用テ接続,多い,オオク,オーク
て,助詞,接続助詞,*,*,*,*,て,テ,テ
うる,動詞,非自立,*,*,一段・得ル,基本形,うる,ウル,ウル
さ,助詞,終助詞,*,*,*,*,さ,サ,サ
かつ,接続詞,*,*,*,*,*,かつ,カツ,カツ
たで,動詞,自立,*,*,一段,未然形,たでる,タデ,タデ
せ,動詞,接尾,*,*,一段,未然形,せる,セ,セ
う,助動詞,*,*,*,不変化型,基本形,う,ウ,ウ
、,記号,読点,*,*,*,*,、,、,、
お,接頭詞,名詞接続,*,*,*,*,お,オ,オ
気の毒,名詞,一般,*,*,*,*,気の毒,キノドク,キノドク
でし,助動詞,*,*,*,特殊・デス,連用形,です,デシ,デシ
た,助動詞,*,*,*,特殊・タ,基本形,た,タ,タ
なんて,助詞,副助詞,*,*,*,*,なんて,ナンテ,ナンテ
、,記号,読点,*,*,*,*,、,、,、
間抜け,名詞,形容動詞語幹,*,*,*,*,間抜け,マヌケ,マヌケ
た,助動詞,*,*,*,特殊・タ,基本形,た,タ,タ
こと,名詞,非自立,一般,*,*,*,こと,コト,コト
を,助詞,格助詞,一般,*,*,*,を,ヲ,ヲ
書い,動詞,自立,*,*,五段・カ行イ音便,連用タ接続,書く,カイ,カイ
た,助動詞,*,*,*,特殊・タ,基本形,た,タ,タ
もん,名詞,非自立,一般,*,*,*,もん,モン,モン
だ,助動詞,*,*,*,特殊・ダ,基本形,だ,ダ,ダ
。,記号,句点,*,*,*,*,。,。,。
」,記号,括弧閉,*,*,*,*,」,」,」
「,記号,括弧開,*,*,*,*,「,「,「
ど,接頭詞,名詞接続,*,*,*,*,ど,ド,ド
つ,助動詞,*,*,*,下二・タ行,基本形,つ,ツ,ツ
ち,動詞,自立,*,*,五段・ラ行,体言接続特殊２,ちる,チ,チ
で,助動詞,*,*,*,特殊・ダ,連用形,だ,デ,デ
も,助詞,係助詞,*,*,*,*,も,モ,モ
い,動詞,自立,*,*,一段,連用形,いる,イ,イ
ゝ,記号,一般,*,*,*,*,ゝ,ゝ,ゝ
よ,助詞,終助詞,*,*,*,*,よ,ヨ,ヨ
。,記号,句点,*,*,*,*,。,。,。
どうせ,副詞,一般,*,*,*,*,どうせ,ドウセ,ドーセ
ぼく,名詞,代名詞,一般,*,*,*,ぼく,ボク,ボク
ら,名詞,接尾,一般,*,*,*,ら,ラ,ラ
に,助詞,格助詞,一般,*,*,*,に,ニ,ニ
は,助詞,係助詞,*,*,*,*,は,ハ,ワ
、,記号,読点,*,*,*,*,、,、,、
骨,名詞,一般,*,*,*,*,骨,ホネ,ホネ
も,助詞,係助詞,*,*,*,*,も,モ,モ
分け,動詞,自立,*,*,一段,連用形,分ける,ワケ,ワケ
て,助詞,接続助詞,*,*,*,*,て,テ,テ
呉れ,動詞,自立,*,*,一段・クレル,連用形,呉れる,クレ,クレ
やし,助動詞,*,*,*,特殊・マス,連用形,やす,ヤシ,ヤシ
ない,助動詞,*,*,*,特殊・ナイ,基本形,ない,ナイ,ナイ
ん,名詞,非自立,一般,*,*,*,ん,ン,ン
だ,助動詞,*,*,*,特殊・ダ,基本形,だ,ダ,ダ
。,記号,句点,*,*,*,*,。,。,。
」,記号,括弧閉,*,*,*,*,」,」,」
「,記号,括弧開,*,*,*,*,「,「,「
それ,名詞,代名詞,一般,*,*,*,それ,ソレ,ソレ
は,助詞,係助詞,*,*,*,*,は,ハ,ワ
さ,動詞,自立,*,*,サ変・スル,未然レル接続,する,サ,サ
う,助動詞,*,*,*,不変化型,基本形,う,ウ,ウ
だ,助動詞,*,*,*,特殊・ダ,基本形,だ,ダ,ダ
。,記号,句点,*,*,*,*,。,。,。
けれども,接続詞,*,*,*,*,*,けれども,ケレドモ,ケレドモ
も,助詞,係助詞,*,*,*,*,も,モ,モ
しこ,名詞,一般,*,*,*,*,しこ,シコ,シコ
ゝ,記号,一般,*,*,*,*,ゝ,ゝ,ゝ
へ,助詞,格助詞,一般,*,*,*,へ,ヘ,エ
あいつ,名詞,代名詞,一般,*,*,*,あいつ,アイツ,アイツ
ら,名詞,接尾,一般,*,*,*,ら,ラ,ラ
が,助詞,格助詞,一般,*,*,*,が,ガ,ガ
は,助詞,係助詞,*,*,*,*,は,ハ,ワ
ひつ,名詞,一般,*,*,*,*,ひつ,ヒツ,ヒツ
て,助詞,格助詞,連語,*,*,*,て,テ,テ
来,動詞,自立,*,*,カ変・来ル,未然形,来る,コ,コ
なかつ,助動詞,*,*,*,特殊・ナイ,連用タ接続,ない,ナカツ,ナカッ
たら,助動詞,*,*,*,特殊・タ,仮定形,た,タラ,タラ
、,記号,読点,*,*,*,*,、,、,、
それ,名詞,代名詞,一般,*,*,*,それ,ソレ,ソレ
は,助詞,係助詞,*,*,*,*,は,ハ,ワ
ぼく,名詞,代名詞,一般,*,*,*,ぼく,ボク,ボク
ら,名詞,接尾,一般,*,*,*,ら,ラ,ラ
の,助詞,連体化,*,*,*,*,の,ノ,ノ
責任,名詞,一般,*,*,*,*,責任,セキニン,セキニン
だ,助動詞,*,*,*,特殊・ダ,基本形,だ,ダ,ダ
ぜ,助詞,終助詞,*,*,*,*,ぜ,ゼ,ゼ
。,記号,句点,*,*,*,*,。,。,。
」,記号,括弧閉,*,*,*,*,」,」,」
「,記号,括弧開,*,*,*,*,「,「,「
呼ば,動詞,自立,*,*,五段・バ行,未然形,呼ぶ,ヨバ,ヨバ
う,助動詞,*,*,*,不変化型,基本形,う,ウ,ウ
か,助詞,副助詞／並立助詞／終助詞,*,*,*,*,か,カ,カ
、,記号,読点,*,*,*,*,、,、,、
呼ば,動詞,自立,*,*,五段・バ行,未然形,呼ぶ,ヨバ,ヨバ
う,助動詞,*,*,*,不変化型,基本形,う,ウ,ウ
。,記号,句点,*,*,*,*,。,。,。
おい,感動詞,*,*,*,*,*,おい,オイ,オイ
、,記号,読点,*,*,*,*,、,、,、
お客,名詞,一般,*,*,*,*,お客,オキャク,オキャク
さん,名詞,接尾,人名,*,*,*,さん,サン,サン
方,名詞,接尾,一般,*,*,*,方,カタ,カタ
、,記号,読点,*,*,*,*,、,、,、
早く,形容詞,自立,*,*,形容詞・アウオ段,連用テ接続,早い,ハヤク,ハヤク
いら,動詞,自立,*,*,五段・ラ行,未然形,いる,イラ,イラ
つ,助動詞,*,*,*,下二・タ行,基本形,つ,ツ,ツ
し,助詞,接続助詞,*,*,*,*,し,シ,シ
やい,動詞,自立,*,*,五段・カ行イ音便,連用タ接続,やく,ヤイ,ヤイ
。,記号,句点,*,*,*,*,。,。,。
いら,動詞,自立,*,*,五段・ラ行,未然形,いる,イラ,イラ
つ,助動詞,*,*,*,下二・タ行,基本形,つ,ツ,ツ
し,助詞,接続助詞,*,*,*,*,し,シ,シ
やい,動詞,自立,*,*,五段・カ行イ音便,連用タ接続,やく,ヤイ,ヤイ
。,記号,句点,*,*,*,*,。,。,。
いら,動詞,自立,*,*,五段・ラ行,未然形,いる,イラ,イラ
つ,助動詞,*,*,*,下二・タ行,基本形,つ,ツ,ツ
し,助詞,接続助詞,*,*,*,*,し,シ,シ
やい,動詞,自立,*,*,五段・カ行イ音便,連用タ接続,やく,ヤイ,ヤイ
。,記号,句点,*,*,*,*,。,。,。
お,接頭詞,名詞接続,*,*,*,*,お,オ,オ
皿,名詞,一般,*,*,*,*,皿,サラ,サラ
も,助詞,係助詞,*,*,*,*,も,モ,モ
洗,名詞,一般,*,*,*,*,洗,アライ,アライ
つて,名詞,一般,*,*,*,*,つて,ツテ,ツテ
あり,動詞,自立,*,*,五段・ラ行,連用形,ある,アリ,アリ
ます,助動詞,*,*,*,特殊・マス,基本形,ます,マス,マス
し,助詞,接続助詞,*,*,*,*,し,シ,シ
、,記号,読点,*,*,*,*,、,、,、
菜,名詞,一般,*,*,*,*,菜,サイ,サイ
つ,助動詞,*,*,*,下二・タ行,基本形,つ,ツ,ツ
葉,名詞,一般,*,*,*,*,葉,ハ,ハ
も,助詞,係助詞,*,*,*,*,も,モ,モ
もう,副詞,一般,*,*,*,*,もう,モウ,モー
よく,副詞,一般,*,*,*,*,よく,ヨク,ヨク
塩,名詞,一般,*,*,*,*,塩,シオ,シオ
で,助詞,格助詞,一般,*,*,*,で,デ,デ
もん,動詞,自立,*,*,五段・マ行,連用タ接続,もむ,モン,モン
で,助詞,接続助詞,*,*,*,*,で,デ,デ
置き,動詞,自立,*,*,五段・カ行イ音便,連用形,置く,オキ,オキ
まし,助動詞,*,*,*,特殊・マス,連用形,ます,マシ,マシ
た,助動詞,*,*,*,特殊・タ,基本形,た,タ,タ
。,記号,句点,*,*,*,*,。,。,。
あと,名詞,一般,*,*,*,*,あと,アト,アト
は,助詞,係助詞,*,*,*,*,は,ハ,ワ
あなた,名詞,代名詞,一般,*,*,*,あなた,アナタ,アナタ
が,助詞,格助詞,一般,*,*,*,が,ガ,ガ
たと,動詞,自立,*,*,五段・タ行,未然ウ接続,たつ,タト,タト
、,記号,読点,*,*,*,*,、,、,、
菜,名詞,一般,*,*,*,*,菜,サイ,サイ
つ,助動詞,*,*,*,下二・タ行,基本形,つ,ツ,ツ
葉,名詞,一般,*,*,*,*,葉,ハ,ハ
を,助詞,格助詞,一般,*,*,*,を,ヲ,ヲ
うまく,形容詞,自立,*,*,形容詞・アウオ段,連用テ接続,うまい,ウマク,ウマク
とり,動詞,自立,*,*,五段・ラ行,連用形,とる,トリ,トリ
あ,動詞,非自立,*,*,五段・ラ行,体言接続特殊２,ある,ア,ア
はせ,動詞,自立,*,*,一段,連用形,はせる,ハセ,ハセ
て,助詞,接続助詞,*,*,*,*,て,テ,テ
、,記号,読点,*,*,*,*,、,、,、
まつ,名詞,一般,*,*,*,*,まつ,マツ,マツ
白,形容詞,自立,*,*,形容詞・アウオ段,ガル接続,白い,シロ,シロ
なお,接続詞,*,*,*,*,*,なお,ナオ,ナオ
皿,名詞,一般,*,*,*,*,皿,サラ,サラ
に,助詞,格助詞,一般,*,*,*,に,ニ,ニ
のせる,動詞,自立,*,*,一段,基本形,のせる,ノセル,ノセル
丈,名詞,一般,*,*,*,*,丈,タケ,タケ
け,助詞,終助詞,*,*,*,*,け,ケ,ケ
です,助動詞,*,*,*,特殊・デス,基本形,です,デス,デス
。,記号,句点,*,*,*,*,。,。,。
はやく,形容詞,自立,*,*,形容詞・アウオ段,連用テ接続,はやい,ハヤク,ハヤク
いら,動詞,自立,*,*,五段・ラ行,未然形,いる,イラ,イラ
つ,助動詞,*,*,*,下二・タ行,基本形,つ,ツ,ツ
し,助詞,接続助詞,*,*,*,*,し,シ,シ
やい,動詞,自立,*,*,五段・カ行イ音便,連用タ接続,やく,ヤイ,ヤイ
。,記号,句点,*,*,*,*,。,。,。
」,記号,括弧閉,*,*,*,*,」,」,」
「,記号,括弧開,*,*,*,*,「,「,「
へ,助詞,格助詞,一般,*,*,*,へ,ヘ,エ
い,動詞,自立,*,*,一段,連用形,いる,イ,イ
、,記号,読点,*,*,*,*,、,、,、
いら,動詞,自立,*,*,五段・ラ行,未然形,いる,イラ,イラ
つ,助動詞,*,*,*,下二・タ行,基本形,つ,ツ,ツ
し,助詞,接続助詞,*,*,*,*,し,シ,シ
やい,動詞,自立,*,*,五段・カ行イ音便,連用タ接続,やく,ヤイ,ヤイ
、,記号,読点,*,*,*,*,、,、,、
いら,動詞,自立,*,*,五段・ラ行,未然形,いる,イラ,イラ
つ,助動詞,*,*,*,下二・タ行,基本形,つ,ツ,ツ
し,助詞,接続助詞,*,*,*,*,し,シ,シ
やい,動詞,自立,*,*,五段・カ行イ音便,連用タ接続,やく,ヤイ,ヤイ
。,記号,句点,*,*,*,*,。,。,。
それとも,接続詞,*,*,*,*,*,それとも,ソレトモ,ソレトモ
サラド,名詞,一般,*,*,*,*,サラド,*,*
は,助詞,係助詞,*,*,*,*,は,ハ,ワ
お,接頭詞,名詞接続,*,*,*,*,お,オ,オ
嫌,名詞,形容動詞語幹,*,*,*,*,嫌,イヤ,イヤ
ひ,動詞,自立,*,*,一段,連用形,ひる,ヒ,ヒ
です,助動詞,*,*,*,特殊・デス,基本形,です,デス,デス
か,助詞,副助詞／並立助詞／終助詞,*,*,*,*,か,カ,カ
。,記号,句点,*,*,*,*,。,。,。
そん,名詞,一般,*,*,*,*,そん,ソン,ソン
なら,助動詞,*,*,*,特殊・ダ,仮定形,だ,ナラ,ナラ
これから,副詞,助詞類接続,*,*,*,*,これから,コレカラ,コレカラ
火,名詞,一般,*,*,*,*,火,ヒ,ヒ
を,助詞,格助詞,一般,*,*,*,を,ヲ,ヲ
起し,動詞,自立,*,*,五段・サ行,連用形,起す,オコシ,オコシ
て,助詞,接続助詞,*,*,*,*,て,テ,テ
フライ,名詞,一般,*,*,*,*,フライ,フライ,フライ
に,助詞,格助詞,一般,*,*,*,に,ニ,ニ
し,動詞,自立,*,*,サ変・スル,連用形,する,シ,シ
て,助詞,接続助詞,*,*,*,*,て,テ,テ
あげ,動詞,非自立,*,*,一段,連用形,あげる,アゲ,アゲ
ませ,助動詞,*,*,*,特殊・マス,未然形,ます,マセ,マセ
う,助動詞,*,*,*,不変化型,基本形,う,ウ,ウ
か,助詞,副助詞／並立助詞／終助詞,*,*,*,*,か,カ,カ
。,記号,句点,*,*,*,*,。,。,。
とにかく,副詞,一般,*,*,*,*,とにかく,トニカク,トニカク
はやく,形容詞,自立,*,*,形容詞・アウオ段,連用テ接続,はやい,ハヤク,ハヤク
いら,動詞,自立,*,*,五段・ラ行,未然形,いる,イラ,イラ
つ,助動詞,*,*,*,下二・タ行,基本形,つ,ツ,ツ
し,助詞,接続助詞,*,*,*,*,し,シ,シ
やい,動詞,自立,*,*,五段・カ行イ音便,連用タ接続,やく,ヤイ,ヤイ
。,記号,句点,*,*,*,*,。,。,。
」,記号,括弧閉,*,*,*,*,」,」,」
二,名詞,数,*,*,*,*,二,ニ,ニ
人,名詞,接尾,助数詞,*,*,*,人,ニン,ニン
は,助詞,係助詞,*,*,*,*,は,ハ,ワ
あんまり,副詞,助詞類接続,*,*,*,*,あんまり,アンマリ,アンマリ
心,名詞,一般,*,*,*,*,心,ココロ,ココロ
を,助詞,格助詞,一般,*,*,*,を,ヲ,ヲ
痛め,動詞,自立,*,*,一段,連用形,痛める,イタメ,イタメ
た,助動詞,*,*,*,特殊・タ,基本形,た,タ,タ
ため,名詞,非自立,副詞可能,*,*,*,ため,タメ,タメ
に,助詞,格助詞,一般,*,*,*,に,ニ,ニ
、,記号,読点,*,*,*,*,、,、,、
顔,名詞,一般,*,*,*,*,顔,カオ,カオ
が,助詞,格助詞,一般,*,*,*,が,ガ,ガ
まるで,副詞,一般,*,*,*,*,まるで,マルデ,マルデ
くし,名詞,一般,*,*,*,*,くし,クシ,クシ
や,助詞,並立助詞,*,*,*,*,や,ヤ,ヤ
くし,名詞,一般,*,*,*,*,くし,クシ,クシ
や,助詞,並立助詞,*,*,*,*,や,ヤ,ヤ
の,助詞,連体化,*,*,*,*,の,ノ,ノ
紙屑,名詞,一般,*,*,*,*,紙屑,カミクズ,カミクズ
の,助詞,連体化,*,*,*,*,の,ノ,ノ
やう,名詞,非自立,助動詞語幹,*,*,*,やう,ヤウ,ヨー
に,助詞,格助詞,一般,*,*,*,に,ニ,ニ
なり,動詞,自立,*,*,五段・ラ行,連用形,なる,ナリ,ナリ
、,記号,読点,*,*,*,*,、,、,、
お,接頭詞,名詞接続,*,*,*,*,お,オ,オ
互に,副詞,一般,*,*,*,*,互に,カタミニ,カタミニ
その,連体詞,*,*,*,*,*,その,ソノ,ソノ
顔,名詞,一般,*,*,*,*,顔,カオ,カオ
を,助詞,格助詞,一般,*,*,*,を,ヲ,ヲ
見合せ,動詞,自立,*,*,一段,連用形,見合せる,ミアワセ,ミアワセ
、,記号,読点,*,*,*,*,、,、,、
ぶるぶる,副詞,一般,*,*,*,*,ぶるぶる,ブルブル,ブルブル
ふるへ,動詞,自立,*,*,四段・ハ行,命令ｅ,ふるふ,フルヘ,フルエ
、,記号,読点,*,*,*,*,、,、,、
声,名詞,一般,*,*,*,*,声,コエ,コエ
も,助詞,係助詞,*,*,*,*,も,モ,モ
なく,形容詞,自立,*,*,形容詞・アウオ段,連用テ接続,ない,ナク,ナク
泣き,動詞,自立,*,*,五段・カ行イ音便,連用形,泣く,ナキ,ナキ
まし,助動詞,*,*,*,特殊・マス,連用形,ます,マシ,マシ
た,助動詞,*,*,*,特殊・タ,基本形,た,タ,タ
。,記号,句点,*,*,*,*,。,。,。
中,名詞,一般,*,*,*,*,中,ナカ,ナカ
で,助詞,格助詞,一般,*,*,*,で,デ,デ
は,助詞,係助詞,*,*,*,*,は,ハ,ワ
ふつふつ,副詞,一般,*,*,*,*,ふつふつ,フツフツ,フツフツ
と,助詞,副詞化,*,*,*,*,と,ト,ト
わら,名詞,一般,*,*,*,*,わら,ワラ,ワラ
つて,名詞,一般,*,*,*,*,つて,ツテ,ツテ
また,副詞,助詞類接続,*,*,*,*,また,マタ,マタ
叫ん,動詞,自立,*,*,五段・バ行,連用タ接続,叫ぶ,サケン,サケン
で,助詞,接続助詞,*,*,*,*,で,デ,デ
ゐ,動詞,自立,*,*,一段,連用形,ゐる,ヰ,イ
ます,助動詞,*,*,*,特殊・マス,基本形,ます,マス,マス
。,記号,句点,*,*,*,*,。,。,。
「,記号,括弧開,*,*,*,*,「,「,「
いら,動詞,自立,*,*,五段・ラ行,未然形,いる,イラ,イラ
つ,助動詞,*,*,*,下二・タ行,基本形,つ,ツ,ツ
し,助詞,接続助詞,*,*,*,*,し,シ,シ
やい,動詞,自立,*,*,五段・カ行イ音便,連用タ接続,やく,ヤイ,ヤイ
、,記号,読点,*,*,*,*,、,、,、
いら,動詞,自立,*,*,五段・ラ行,未然形,いる,イラ,イラ
つ,助動詞,*,*,*,下二・タ行,基本形,つ,ツ,ツ
し,助詞,接続助詞,*,*,*,*,し,シ,シ
やい,動詞,自立,*,*,五段・カ行イ音便,連用タ接続,やく,ヤイ,ヤイ
。,記号,句点,*,*,*,*,。,。,。
そんなに,副詞,一般,*,*,*,*,そんなに,ソンナニ,ソンナニ
泣い,動詞,自立,*,*,五段・カ行イ音便,連用タ接続,泣く,ナイ,ナイ
て,助詞,接続助詞,*,*,*,*,て,テ,テ
は,助詞,係助詞,*,*,*,*,は,ハ,ワ
折角,名詞,一般,*,*,*,*,折角,セッカク,セッカク
の,助詞,連体化,*,*,*,*,の,ノ,ノ
クリーム,名詞,一般,*,*,*,*,クリーム,クリーム,クリーム
が,助詞,格助詞,一般,*,*,*,が,ガ,ガ
流れる,動詞,自立,*,*,一段,基本形,流れる,ナガレル,ナガレル
ぢ,名詞,一般,*,*,*,*,ぢ,ヂ,ジ
や,助詞,並立助詞,*,*,*,*,や,ヤ,ヤ
あり,動詞,自立,*,*,五段・ラ行,連用形,ある,アリ,アリ
ませ,助動詞,*,*,*,特殊・マス,未然形,ます,マセ,マセ
ん,助動詞,*,*,*,不変化型,基本形,ん,ン,ン
か,助詞,副助詞／並立助詞／終助詞,*,*,*,*,か,カ,カ
。,記号,句点,*,*,*,*,。,。,。
へ,助詞,格助詞,一般,*,*,*,へ,ヘ,エ
い,動詞,自立,*,*,一段,連用形,いる,イ,イ
、,記号,読点,*,*,*,*,、,、,、
た,助動詞,*,*,*,特殊・タ,基本形,た,タ,タ
ゞ,記号,一般,*,*,*,*,ゞ,ゞ,ゞ
いま,名詞,副詞可能,*,*,*,*,いま,イマ,イマ
。,記号,句点,*,*,*,*,。,。,。
ぢ,名詞,一般,*,*,*,*,ぢ,ヂ,ジ
き,動詞,自立,*,*,カ変・クル,連用形,くる,キ,キ
もつ,動詞,自立,*,*,五段・タ行,基本形,もつ,モツ,モツ
て,助詞,接続助詞,*,*,*,*,て,テ,テ
ま,フィラー,*,*,*,*,*,ま,マ,マ
ゐ,動詞,自立,*,*,一段,連用形,ゐる,ヰ,イ
り,助動詞,*,*,*,文語・リ,基本形,り,リ,リ
ます,助動詞,*,*,*,特殊・マス,基本形,ます,マス,マス
。,記号,句点,*,*,*,*,。,。,。
さあ,感動詞,*,*,*,*,*,さあ,サア,サー
、,記号,読点,*,*,*,*,、,、,、
早く,形容詞,自立,*,*,形容詞・アウオ段,連用テ接続,早い,ハヤク,ハヤク
いら,動詞,自立,*,*,五段・ラ行,未然形,いる,イラ,イラ
つ,助動詞,*,*,*,下二・タ行,基本形,つ,ツ,ツ
し,助詞,接続助詞,*,*,*,*,し,シ,シ
やい,動詞,自立,*,*,五段・カ行イ音便,連用タ接続,やく,ヤイ,ヤイ
。,記号,句点,*,*,*,*,。,。,。
」,記号,括弧閉,*,*,*,*,」,」,」
「,記号,括弧開,*,*,*,*,「,「,「
早く,形容詞,自立,*,*,形容詞・アウオ段,連用テ接続,早い,ハヤク,ハヤク
いら,動詞,自立,*,*,五段・ラ行,未然形,いる,イラ,イラ
つ,助動詞,*,*,*,下二・タ行,基本形,つ,ツ,ツ
し,助詞,接続助詞,*,*,*,*,し,シ,シ
やい,動詞,自立,*,*,五段・カ行イ音便,連用タ接続,やく,ヤイ,ヤイ
。,記号,句点,*,*,*,*,。,。,。
親方,名詞,一般,*,*,*,*,親方,オヤカタ,オヤカタ
が,助詞,格助詞,一般,*,*,*,が,ガ,ガ
もう,副詞,一般,*,*,*,*,もう,モウ,モー
ナフキン,名詞,一般,*,*,*,*,ナフキン,ナフキン,ナフキン
を,助詞,格助詞,一般,*,*,*,を,ヲ,ヲ
かけ,動詞,自立,*,*,一段,連用形,かける,カケ,カケ
て,助詞,接続助詞,*,*,*,*,て,テ,テ
、,記号,読点,*,*,*,*,、,、,、
ナイフ,名詞,一般,*,*,*,*,ナイフ,ナイフ,ナイフ
を,助詞,格助詞,一般,*,*,*,を,ヲ,ヲ
もつ,動詞,自立,*,*,五段・タ行,基本形,もつ,モツ,モツ
て,助詞,接続助詞,*,*,*,*,て,テ,テ
、,記号,読点,*,*,*,*,、,、,、
舌なめずり,名詞,一般,*,*,*,*,舌なめずり,シタナメズリ,シタナメズリ
し,動詞,自立,*,*,サ変・スル,連用形,する,シ,シ
て,助詞,接続助詞,*,*,*,*,て,テ,テ
、,記号,読点,*,*,*,*,、,、,、
お客,名詞,一般,*,*,*,*,お客,オキャク,オキャク
さま,名詞,接尾,人名,*,*,*,さま,サマ,サマ
方,名詞,接尾,一般,*,*,*,方,カタ,カタ
を,助詞,格助詞,一般,*,*,*,を,ヲ,ヲ
待つ,動詞,自立,*,*,五段・タ行,基本形,待つ,マツ,マツ
て,助詞,接続助詞,*,*,*,*,て,テ,テ
ゐ,動詞,自立,*,*,一段,未然形,ゐる,ヰ,イ
られ,動詞,接尾,*,*,一段,連用形,られる,ラレ,ラレ
ます,助動詞,*,*,*,特殊・マス,基本形,ます,マス,マス
。,記号,句点,*,*,*,*,。,。,。
」,記号,括弧閉,*,*,*,*,」,」,」
二,名詞,数,*,*,*,*,二,ニ,ニ
人,名詞,接尾,助数詞,*,*,*,人,ニン,ニン
は,助詞,係助詞,*,*,*,*,は,ハ,ワ
泣い,動詞,自立,*,*,五段・カ行イ音便,連用タ接続,泣く,ナイ,ナイ
て,助詞,接続助詞,*,*,*,*,て,テ,テ
泣い,動詞,自立,*,*,五段・カ行イ音便,連用タ接続,泣く,ナイ,ナイ
て,助詞,接続助詞,*,*,*,*,て,テ,テ
泣い,動詞,自立,*,*,五段・カ行イ音便,連用タ接続,泣く,ナイ,ナイ
て,助詞,接続助詞,*,*,*,*,て,テ,テ
泣い,動詞,自立,*,*,五段・カ行イ音便,連用タ接続,泣く,ナイ,ナイ
て,助詞,接続助詞,*,*,*,*,て,テ,テ
泣き,動詞,自立,*,*,五段・カ行イ音便,連用形,泣く,ナキ,ナキ
まし,助動詞,*,*,*,特殊・マス,連用形,ます,マシ,マシ
た,助動詞,*,*,*,特殊・タ,基本形,た,タ,タ
。,記号,句点,*,*,*,*,。,。,。
その,連体詞,*,*,*,*,*,その,ソノ,ソノ
とき,名詞,非自立,副詞可能,*,*,*,とき,トキ,トキ
うし,名詞,一般,*,*,*,*,うし,ウシ,ウシ
ろ,名詞,一般,*,*,*,*,ろ,ロ,ロ
から,助詞,格助詞,一般,*,*,*,から,カラ,カラ
いきなり,副詞,助詞類接続,*,*,*,*,いきなり,イキナリ,イキナリ
、,記号,読点,*,*,*,*,、,、,、
「,記号,括弧開,*,*,*,*,「,「,「
わん,名詞,一般,*,*,*,*,わん,ワン,ワン
、,記号,読点,*,*,*,*,、,、,、
わん,名詞,一般,*,*,*,*,わん,ワン,ワン
、,記号,読点,*,*,*,*,、,、,、
ぐわあ,名詞,一般,*,*,*,*,ぐわあ,*,*
。,記号,句点,*,*,*,*,。,。,。
」,記号,括弧閉,*,*,*,*,」,」,」
といふ,助詞,格助詞,連語,*,*,*,といふ,トイフ,トユウ
声,名詞,一般,*,*,*,*,声,コエ,コエ
が,助詞,格助詞,一般,*,*,*,が,ガ,ガ
し,動詞,自立,*,*,サ変・スル,連用形,する,シ,シ
て,助詞,接続助詞,*,*,*,*,て,テ,テ
、,記号,読点,*,*,*,*,、,、,、
あの,連体詞,*,*,*,*,*,あの,アノ,アノ
白熊,名詞,一般,*,*,*,*,白熊,シロクマ,シロクマ
の,助詞,連体化,*,*,*,*,の,ノ,ノ
やう,名詞,非自立,助動詞語幹,*,*,*,やう,ヤウ,ヨー
な,助動詞,*,*,*,特殊・ダ,体言接続,だ,ナ,ナ
犬,名詞,一般,*,*,*,*,犬,イヌ,イヌ
が,助詞,格助詞,一般,*,*,*,が,ガ,ガ
二,名詞,数,*,*,*,*,二,ニ,ニ
疋,名詞,一般,*,*,*,*,疋,*,*
、,記号,読点,*,*,*,*,、,、,、
扉,名詞,一般,*,*,*,*,扉,トビラ,トビラ
を,助詞,格助詞,一般,*,*,*,を,ヲ,ヲ
つきやぶ,動詞,自立,*,*,五段・ラ行,体言接続特殊２,つきやぶる,ツキヤブ,ツキヤブ
つて,名詞,一般,*,*,*,*,つて,ツテ,ツテ
室,名詞,接尾,一般,*,*,*,室,シツ,シツ
の,助詞,連体化,*,*,*,*,の,ノ,ノ
中,名詞,非自立,副詞可能,*,*,*,中,ナカ,ナカ
に,助詞,格助詞,一般,*,*,*,に,ニ,ニ
飛び込ん,動詞,自立,*,*,五段・マ行,連用タ接続,飛び込む,トビコン,トビコン
で,助詞,接続助詞,*,*,*,*,で,デ,デ
き,動詞,非自立,*,*,カ変・クル,連用形,くる,キ,キ
まし,助動詞,*,*,*,特殊・マス,連用形,ます,マシ,マシ
た,助動詞,*,*,*,特殊・タ,基本形,た,タ,タ
。,記号,句点,*,*,*,*,。,。,。
鍵穴,名詞,固有名詞,地域,一般,*,*,鍵穴,カギアナ,カギアナ
の,助詞,連体化,*,*,*,*,の,ノ,ノ
眼,名詞,一般,*,*,*,*,眼,メ,メ
玉,名詞,接尾,一般,*,*,*,玉,ダマ,ダマ
は,助詞,係助詞,*,*,*,*,は,ハ,ワ
たちまち,副詞,助詞類接続,*,*,*,*,たちまち,タチマチ,タチマチ
なくなり,動詞,自立,*,*,五段・ラ行,連用形,なくなる,ナクナリ,ナクナリ
、,記号,読点,*,*,*,*,、,、,、
犬,名詞,一般,*,*,*,*,犬,イヌ,イヌ
ども,名詞,接尾,一般,*,*,*,ども,ドモ,ドモ
は,助詞,係助詞,*,*,*,*,は,ハ,ワ
うう,形容詞,自立,*,*,形容詞・アウオ段,連用ゴザイ接続,うい,ウウ,ウー
とう,副詞,助詞類接続,*,*,*,*,とう,トウ,トウ
な,助動詞,*,*,*,特殊・ダ,体言接続,だ,ナ,ナ
つて,名詞,一般,*,*,*,*,つて,ツテ,ツテ
しばらく,名詞,一般,*,*,*,*,しばらく,シバラク,シバラク
室,名詞,接尾,一般,*,*,*,室,シツ,シツ
の,助詞,連体化,*,*,*,*,の,ノ,ノ
中,名詞,非自立,副詞可能,*,*,*,中,ナカ,ナカ
を,助詞,格助詞,一般,*,*,*,を,ヲ,ヲ
くるくる,副詞,一般,*,*,*,*,くるくる,クルクル,クルクル
廻,名詞,固有名詞,地域,一般,*,*,廻,マワリ,マワリ
つて,名詞,一般,*,*,*,*,つて,ツテ,ツテ
ゐ,動詞,自立,*,*,一段,連用形,ゐる,ヰ,イ
まし,助動詞,*,*,*,特殊・マス,連用形,ます,マシ,マシ
た,助動詞,*,*,*,特殊・タ,基本形,た,タ,タ
が,助詞,接続助詞,*,*,*,*,が,ガ,ガ
、,記号,読点,*,*,*,*,、,、,、
また,接続詞,*,*,*,*,*,また,マタ,マタ
一声,名詞,一般,*,*,*,*,一声,イッセイ,イッセイ
「,記号,括弧開,*,*,*,*,「,「,「
わん,名詞,一般,*,*,*,*,わん,ワン,ワン
。,記号,句点,*,*,*,*,。,。,。
」,記号,括弧閉,*,*,*,*,」,」,」
と,助詞,格助詞,引用,*,*,*,と,ト,ト
高く,形容詞,自立,*,*,形容詞・アウオ段,連用テ接続,高い,タカク,タカク
吠え,動詞,自立,*,*,一段,連用形,吠える,ホエ,ホエ
て,助詞,接続助詞,*,*,*,*,て,テ,テ
、,記号,読点,*,*,*,*,、,、,、
いきなり,副詞,助詞類接続,*,*,*,*,いきなり,イキナリ,イキナリ
次,名詞,一般,*,*,*,*,次,ツギ,ツギ
の,助詞,連体化,*,*,*,*,の,ノ,ノ
扉,名詞,一般,*,*,*,*,扉,トビラ,トビラ
に,助詞,格助詞,一般,*,*,*,に,ニ,ニ
飛びつき,動詞,自立,*,*,五段・カ行イ音便,連用形,飛びつく,トビツキ,トビツキ
まし,助動詞,*,*,*,特殊・マス,連用形,ます,マシ,マシ
た,助動詞,*,*,*,特殊・タ,基本形,た,タ,タ
。,記号,句点,*,*,*,*,。,。,。
戸,名詞,一般,*,*,*,*,戸,ト,ト
は,助詞,係助詞,*,*,*,*,は,ハ,ワ
が,助詞,格助詞,一般,*,*,*,が,ガ,ガ
たり,助詞,並立助詞,*,*,*,*,たり,タリ,タリ
と,助詞,格助詞,引用,*,*,*,と,ト,ト
ひらき,動詞,自立,*,*,五段・カ行イ音便,連用形,ひらく,ヒラキ,ヒラキ
、,記号,読点,*,*,*,*,、,、,、
犬,名詞,一般,*,*,*,*,犬,イヌ,イヌ
ども,名詞,接尾,一般,*,*,*,ども,ドモ,ドモ
は,助詞,係助詞,*,*,*,*,は,ハ,ワ
吸,名詞,一般,*,*,*,*,吸,*,*
ひ,動詞,自立,*,*,一段,連用形,ひる,ヒ,ヒ
込ま,動詞,自立,*,*,五段・マ行,未然形,込む,コマ,コマ
れる,動詞,接尾,*,*,一段,基本形,れる,レル,レル
やう,名詞,非自立,助動詞語幹,*,*,*,やう,ヤウ,ヨー
に,助詞,副詞化,*,*,*,*,に,ニ,ニ
飛ん,動詞,自立,*,*,五段・バ行,連用タ接続,飛ぶ,トン,トン
で,助詞,接続助詞,*,*,*,*,で,デ,デ
行き,動詞,非自立,*,*,五段・カ行促音便,連用形,行く,イキ,イキ
まし,助動詞,*,*,*,特殊・マス,連用形,ます,マシ,マシ
た,助動詞,*,*,*,特殊・タ,基本形,た,タ,タ
。,記号,句点,*,*,*,*,。,。,。
その,連体詞,*,*,*,*,*,その,ソノ,ソノ
扉,名詞,一般,*,*,*,*,扉,トビラ,トビラ
の,助詞,連体化,*,*,*,*,の,ノ,ノ
向,接頭詞,名詞接続,*,*,*,*,向,コウ,コー
ふ,動詞,自立,*,*,五段・ラ行,体言接続特殊２,ふる,フ,フ
の,助詞,連体化,*,*,*,*,の,ノ,ノ
まつ,名詞,一般,*,*,*,*,まつ,マツ,マツ
くら,名詞,一般,*,*,*,*,くら,クラ,クラ
やみ,名詞,一般,*,*,*,*,やみ,ヤミ,ヤミ
の,助詞,連体化,*,*,*,*,の,ノ,ノ
なか,名詞,非自立,副詞可能,*,*,*,なか,ナカ,ナカ
で,助詞,格助詞,一般,*,*,*,で,デ,デ
、,記号,読点,*,*,*,*,、,、,、
「,記号,括弧開,*,*,*,*,「,「,「
に,助詞,格助詞,一般,*,*,*,に,ニ,ニ
やあ,感動詞,*,*,*,*,*,やあ,ヤア,ヤー
お,接頭詞,名詞接続,*,*,*,*,お,オ,オ
、,記号,読点,*,*,*,*,、,、,、
くわ,動詞,自立,*,*,五段・ワ行促音便,未然形,くう,クワ,クワ
あ,感動詞,*,*,*,*,*,あ,ア,ア
、,記号,読点,*,*,*,*,、,、,、
ごろごろ,副詞,一般,*,*,*,*,ごろごろ,ゴロゴロ,ゴロゴロ
。,記号,句点,*,*,*,*,。,。,。
」,記号,括弧閉,*,*,*,*,」,」,」
といふ,助詞,格助詞,連語,*,*,*,といふ,トイフ,トユウ
声,名詞,一般,*,*,*,*,声,コエ,コエ
が,助詞,格助詞,一般,*,*,*,が,ガ,ガ
し,動詞,自立,*,*,サ変・スル,連用形,する,シ,シ
て,助詞,接続助詞,*,*,*,*,て,テ,テ
、,記号,読点,*,*,*,*,、,、,、
それから,接続詞,*,*,*,*,*,それから,ソレカラ,ソレカラ
がさがさ,副詞,一般,*,*,*,*,がさがさ,ガサガサ,ガサガサ
鳴り,動詞,自立,*,*,五段・ラ行,連用形,鳴る,ナリ,ナリ
まし,助動詞,*,*,*,特殊・マス,連用形,ます,マシ,マシ
た,助動詞,*,*,*,特殊・タ,基本形,た,タ,タ
。,記号,句点,*,*,*,*,。,。,。
室,名詞,一般,*,*,*,*,室,シツ,シツ
は,助詞,係助詞,*,*,*,*,は,ハ,ワ
けむり,動詞,自立,*,*,五段・ラ行,連用形,けむる,ケムリ,ケムリ
の,助詞,連体化,*,*,*,*,の,ノ,ノ
やう,名詞,非自立,助動詞語幹,*,*,*,やう,ヤウ,ヨー
に,助詞,副詞化,*,*,*,*,に,ニ,ニ
消え,動詞,自立,*,*,一段,連用形,消える,キエ,キエ
、,記号,読点,*,*,*,*,、,、,、
二,名詞,数,*,*,*,*,二,ニ,ニ
人,名詞,接尾,助数詞,*,*,*,人,ニン,ニン
は,助詞,係助詞,*,*,*,*,は,ハ,ワ
寒,形容詞,自立,*,*,形容詞・アウオ段,ガル接続,寒い,サム,サム
さ,名詞,接尾,特殊,*,*,*,さ,サ,サ
に,助詞,格助詞,一般,*,*,*,に,ニ,ニ
ぶるぶる,副詞,一般,*,*,*,*,ぶるぶる,ブルブル,ブルブル
ふるへ,動詞,自立,*,*,四段・ハ行,命令ｅ,ふるふ,フルヘ,フルエ
て,助詞,接続助詞,*,*,*,*,て,テ,テ
、,記号,読点,*,*,*,*,、,、,、
草,名詞,一般,*,*,*,*,草,クサ,クサ
の,助詞,連体化,*,*,*,*,の,ノ,ノ
中,名詞,非自立,副詞可能,*,*,*,中,ナカ,ナカ
に,助詞,格助詞,一般,*,*,*,に,ニ,ニ
立つ,動詞,自立,*,*,五段・タ行,基本形,立つ,タツ,タツ
て,助詞,接続助詞,*,*,*,*,て,テ,テ
ゐ,動詞,自立,*,*,一段,連用形,ゐる,ヰ,イ
まし,助動詞,*,*,*,特殊・マス,連用形,ます,マシ,マシ
た,助動詞,*,*,*,特殊・タ,基本形,た,タ,タ
。,記号,句点,*,*,*,*,。,。,。
見る,動詞,自立,*,*,一段,基本形,見る,ミル,ミル
と,助詞,接続助詞,*,*,*,*,と,ト,ト
、,記号,読点,*,*,*,*,、,、,、
上着,名詞,一般,*,*,*,*,上着,ウワギ,ウワギ
や,助詞,並立助詞,*,*,*,*,や,ヤ,ヤ
靴,名詞,一般,*,*,*,*,靴,クツ,クツ
や,助詞,並立助詞,*,*,*,*,や,ヤ,ヤ
財布,名詞,一般,*,*,*,*,財布,サイフ,サイフ
や,助詞,並立助詞,*,*,*,*,や,ヤ,ヤ
ネクタイピン,名詞,一般,*,*,*,*,ネクタイピン,ネクタイピン,ネクタイピン
は,助詞,係助詞,*,*,*,*,は,ハ,ワ
、,記号,読点,*,*,*,*,、,、,、
あつ,形容詞,自立,*,*,形容詞・アウオ段,ガル接続,あつい,アツ,アツ
ちの,名詞,固有名詞,地域,一般,*,*,ちの,チノ,チノ
枝,名詞,一般,*,*,*,*,枝,エダ,エダ
に,助詞,格助詞,一般,*,*,*,に,ニ,ニ
ぶらさが,動詞,自立,*,*,五段・ラ行,体言接続特殊２,ぶらさがる,ブラサガ,ブラサガ
つ,助動詞,*,*,*,下二・タ行,基本形,つ,ツ,ツ
たり,助詞,並立助詞,*,*,*,*,たり,タリ,タリ
、,記号,読点,*,*,*,*,、,、,、
こ,動詞,自立,*,*,カ変・クル,未然形,くる,コ,コ
つ,助動詞,*,*,*,下二・タ行,基本形,つ,ツ,ツ
ちの,名詞,固有名詞,地域,一般,*,*,ちの,チノ,チノ
根,名詞,一般,*,*,*,*,根,ネ,ネ
もと,名詞,接尾,一般,*,*,*,もと,モト,モト
に,助詞,格助詞,一般,*,*,*,に,ニ,ニ
ちら,副詞,一般,*,*,*,*,ちら,チラ,チラ
ばつ,名詞,一般,*,*,*,*,ばつ,バツ,バツ
たり,助詞,並立助詞,*,*,*,*,たり,タリ,タリ
し,動詞,自立,*,*,サ変・スル,連用形,する,シ,シ
て,助詞,接続助詞,*,*,*,*,て,テ,テ
ゐ,動詞,自立,*,*,一段,連用形,ゐる,ヰ,イ
ます,助動詞,*,*,*,特殊・マス,基本形,ます,マス,マス
。,記号,句点,*,*,*,*,。,。,。
風,名詞,一般,*,*,*,*,風,カゼ,カゼ
が,助詞,格助詞,一般,*,*,*,が,ガ,ガ
どう,副詞,助詞類接続,*,*,*,*,どう,ドウ,ドー
と,助詞,副詞化,*,*,*,*,と,ト,ト
吹い,動詞,自立,*,*,五段・カ行イ音便,連用タ接続,吹く,フイ,フイ
て,助詞,接続助詞,*,*,*,*,て,テ,テ
き,動詞,非自立,*,*,カ変・クル,連用形,くる,キ,キ
て,助詞,接続助詞,*,*,*,*,て,テ,テ
、,記号,読点,*,*,*,*,、,、,、
草,名詞,一般,*,*,*,*,草,クサ,クサ
は,助詞,係助詞,*,*,*,*,は,ハ,ワ
ざわざわ,名詞,サ変接続,*,*,*,*,ざわざわ,ザワザワ,ザワザワ
、,記号,読点,*,*,*,*,、,、,、
木の葉,名詞,一般,*,*,*,*,木の葉,コノハ,コノハ
は,助詞,係助詞,*,*,*,*,は,ハ,ワ
かさかさ,副詞,一般,*,*,*,*,かさかさ,カサカサ,カサカサ
、,記号,読点,*,*,*,*,、,、,、
木,名詞,一般,*,*,*,*,木,キ,キ
は,助詞,係助詞,*,*,*,*,は,ハ,ワ
ご,接頭詞,名詞接続,*,*,*,*,ご,ゴ,ゴ
とんご,名詞,サ変接続,*,*,*,*,とんご,トンゴ,トンゴ
とんと,副詞,一般,*,*,*,*,とんと,トント,トント
鳴り,動詞,自立,*,*,五段・ラ行,連用形,鳴る,ナリ,ナリ
まし,助動詞,*,*,*,特殊・マス,連用形,ます,マシ,マシ
た,助動詞,*,*,*,特殊・タ,基本形,た,タ,タ
。,記号,句点,*,*,*,*,。,。,。
犬,名詞,一般,*,*,*,*,犬,イヌ,イヌ
が,助詞,格助詞,一般,*,*,*,が,ガ,ガ
ふうとう,名詞,一般,*,*,*,*,ふうとう,フウトウ,フウトウ
な,助動詞,*,*,*,特殊・ダ,体言接続,だ,ナ,ナ
つて,名詞,一般,*,*,*,*,つて,ツテ,ツテ
戻,動詞,自立,*,*,五段・ラ行,体言接続特殊２,戻る,モド,モド
つ,助動詞,*,*,*,下二・タ行,基本形,つ,ツ,ツ
て,助詞,接続助詞,*,*,*,*,て,テ,テ
き,動詞,非自立,*,*,カ変・クル,連用形,くる,キ,キ
まし,助動詞,*,*,*,特殊・マス,連用形,ます,マシ,マシ
た,助動詞,*,*,*,特殊・タ,基本形,た,タ,タ
。,記号,句点,*,*,*,*,。,。,。
そして,接続詞,*,*,*,*,*,そして,ソシテ,ソシテ
うし,名詞,一般,*,*,*,*,うし,ウシ,ウシ
ろ,名詞,一般,*,*,*,*,ろ,ロ,ロ
から,助詞,格助詞,一般,*,*,*,から,カラ,カラ
は,助詞,係助詞,*,*,*,*,は,ハ,ワ
、,記号,読点,*,*,*,*,、,、,、
「,記号,括弧開,*,*,*,*,「,「,「
旦那,名詞,一般,*,*,*,*,旦那,ダンナ,ダンナ
あ,感動詞,*,*,*,*,*,あ,ア,ア
、,記号,読点,*,*,*,*,、,、,、
旦那,名詞,一般,*,*,*,*,旦那,ダンナ,ダンナ
あ,感動詞,*,*,*,*,*,あ,ア,ア
、,記号,読点,*,*,*,*,、,、,、
」,記号,括弧閉,*,*,*,*,」,」,」
と,助詞,格助詞,引用,*,*,*,と,ト,ト
叫ぶ,動詞,自立,*,*,五段・バ行,基本形,叫ぶ,サケブ,サケブ
もの,名詞,非自立,一般,*,*,*,もの,モノ,モノ
が,助詞,格助詞,一般,*,*,*,が,ガ,ガ
あり,動詞,自立,*,*,五段・ラ行,連用形,ある,アリ,アリ
ます,助動詞,*,*,*,特殊・マス,基本形,ます,マス,マス
。,記号,句点,*,*,*,*,。,。,。
二,名詞,数,*,*,*,*,二,ニ,ニ
人,名詞,接尾,助数詞,*,*,*,人,ニン,ニン
は,助詞,係助詞,*,*,*,*,は,ハ,ワ
俄,名詞,形容動詞語幹,*,*,*,*,俄,ニワカ,ニワカ
か,助詞,副助詞／並立助詞／終助詞,*,*,*,*,か,カ,カ
に,助詞,格助詞,一般,*,*,*,に,ニ,ニ
元気,名詞,形容動詞語幹,*,*,*,*,元気,ゲンキ,ゲンキ
が,助詞,格助詞,一般,*,*,*,が,ガ,ガ
つい,動詞,自立,*,*,五段・カ行イ音便,連用タ接続,つく,ツイ,ツイ
て,助詞,接続助詞,*,*,*,*,て,テ,テ
「,記号,括弧開,*,*,*,*,「,「,「
お,接頭詞,名詞接続,*,*,*,*,お,オ,オ
ゝ,記号,一般,*,*,*,*,ゝ,ゝ,ゝ
い,動詞,自立,*,*,一段,連用形,いる,イ,イ
、,記号,読点,*,*,*,*,、,、,、
お,接頭詞,名詞接続,*,*,*,*,お,オ,オ
ゝ,記号,一般,*,*,*,*,ゝ,ゝ,ゝ
い,動詞,自立,*,*,一段,連用形,いる,イ,イ
、,記号,読点,*,*,*,*,、,、,、
こ,名詞,一般,*,*,*,*,こ,コ,コ
ゝ,記号,一般,*,*,*,*,ゝ,ゝ,ゝ
だ,助動詞,*,*,*,特殊・ダ,基本形,だ,ダ,ダ
ぞ,助詞,終助詞,*,*,*,*,ぞ,ゾ,ゾ
、,記号,読点,*,*,*,*,、,、,、
早く,形容詞,自立,*,*,形容詞・アウオ段,連用テ接続,早い,ハヤク,ハヤク
来い,動詞,自立,*,*,カ変・来ル,命令ｉ,来る,コイ,コイ
。,記号,句点,*,*,*,*,。,。,。
」,記号,括弧閉,*,*,*,*,」,」,」
と,助詞,格助詞,引用,*,*,*,と,ト,ト
叫び,動詞,自立,*,*,五段・バ行,連用形,叫ぶ,サケビ,サケビ
まし,助動詞,*,*,*,特殊・マス,連用形,ます,マシ,マシ
た,助動詞,*,*,*,特殊・タ,基本形,た,タ,タ
。,記号,句点,*,*,*,*,。,。,。
簔帽子,名詞,一般,*,*,*,*,簔帽子,*,*
を,助詞,格助詞,一般,*,*,*,を,ヲ,ヲ
か,助詞,副助詞／並立助詞／終助詞,*,*,*,*,か,カ,カ
ぶつ,名詞,一般,*,*,*,*,ぶつ,ブツ,ブツ
た,助動詞,*,*,*,特殊・タ,基本形,た,タ,タ
専門,名詞,一般,*,*,*,*,専門,センモン,センモン
の,助詞,連体化,*,*,*,*,の,ノ,ノ
猟師,名詞,一般,*,*,*,*,猟師,リョウシ,リョーシ
が,助詞,格助詞,一般,*,*,*,が,ガ,ガ
、,記号,読点,*,*,*,*,、,、,、
草,名詞,一般,*,*,*,*,草,クサ,クサ
を,助詞,格助詞,一般,*,*,*,を,ヲ,ヲ
ざわざわ,名詞,サ変接続,*,*,*,*,ざわざわ,ザワザワ,ザワザワ
分け,動詞,自立,*,*,一段,連用形,分ける,ワケ,ワケ
て,助詞,接続助詞,*,*,*,*,て,テ,テ
やつ,名詞,代名詞,一般,*,*,*,やつ,ヤツ,ヤツ
て,助詞,接続助詞,*,*,*,*,て,テ,テ
き,動詞,非自立,*,*,カ変・クル,連用形,くる,キ,キ
まし,助動詞,*,*,*,特殊・マス,連用形,ます,マシ,マシ
た,助動詞,*,*,*,特殊・タ,基本形,た,タ,タ
。,記号,句点,*,*,*,*,。,。,。
そこで,接続詞,*,*,*,*,*,そこで,ソコデ,ソコデ
二,名詞,数,*,*,*,*,二,ニ,ニ
人,名詞,接尾,助数詞,*,*,*,人,ニン,ニン
は,助詞,係助詞,*,*,*,*,は,ハ,ワ
やつ,名詞,代名詞,一般,*,*,*,やつ,ヤツ,ヤツ
と,助詞,格助詞,一般,*,*,*,と,ト,ト
安心,名詞,サ変接続,*,*,*,*,安心,アンシン,アンシン
し,動詞,自立,*,*,サ変・スル,連用形,する,シ,シ
まし,助動詞,*,*,*,特殊・マス,連用形,ます,マシ,マシ
た,助動詞,*,*,*,特殊・タ,基本形,た,タ,タ
。,記号,句点,*,*,*,*,。,。,。
そして,接続詞,*,*,*,*,*,そして,ソシテ,ソシテ
猟師,名詞,一般,*,*,*,*,猟師,リョウシ,リョーシ
の,助詞,格助詞,一般,*,*,*,の,ノ,ノ
もつ,動詞,自立,*,*,五段・タ行,基本形,もつ,モツ,モツ
て,助詞,接続助詞,*,*,*,*,て,テ,テ
き,動詞,非自立,*,*,カ変・クル,連用形,くる,キ,キ
た,助動詞,*,*,*,特殊・タ,基本形,た,タ,タ
団子,名詞,一般,*,*,*,*,団子,ダンゴ,ダンゴ
を,助詞,格助詞,一般,*,*,*,を,ヲ,ヲ
たべ,動詞,自立,*,*,一段,連用形,たべる,タベ,タベ
、,記号,読点,*,*,*,*,、,、,、
途中,名詞,副詞可能,*,*,*,*,途中,トチュウ,トチュー
で,助詞,格助詞,一般,*,*,*,で,デ,デ
十,名詞,数,*,*,*,*,十,ジュウ,ジュー
円,名詞,接尾,助数詞,*,*,*,円,エン,エン
だけ,助詞,副助詞,*,*,*,*,だけ,ダケ,ダケ
山鳥,名詞,一般,*,*,*,*,山鳥,ヤマドリ,ヤマドリ
を,助詞,格助詞,一般,*,*,*,を,ヲ,ヲ
買,名詞,接尾,一般,*,*,*,買,ガイ,ガイ
つて,名詞,一般,*,*,*,*,つて,ツテ,ツテ
東京,名詞,固有名詞,地域,一般,*,*,東京,トウキョウ,トーキョー
に,助詞,格助詞,一般,*,*,*,に,ニ,ニ
帰り,動詞,自立,*,*,五段・ラ行,連用形,帰る,カエリ,カエリ
まし,助動詞,*,*,*,特殊・マス,連用形,ます,マシ,マシ
た,助動詞,*,*,*,特殊・タ,基本形,た,タ,タ
。,記号,句点,*,*,*,*,。,。,。
しかし,接続詞,*,*,*,*,*,しかし,シカシ,シカシ
、,記号,読点,*,*,*,*,、,、,、
さつき,名詞,固有名詞,地域,一般,*,*,さつき,サツキ,サツキ
一,名詞,数,*,*,*,*,一,イチ,イチ
ぺん,名詞,接尾,助数詞,*,*,*,ぺん,ペン,ペン
紙,名詞,接尾,一般,*,*,*,紙,シ,シ
く,動詞,非自立,*,*,五段・カ行促音便,基本形,く,ク,ク
づのやうになつた,名詞,一般,*,*,*,*,づのやうになつた,*,*
二,名詞,数,*,*,*,*,二,ニ,ニ
人,名詞,接尾,助数詞,*,*,*,人,ニン,ニン
の,助詞,連体化,*,*,*,*,の,ノ,ノ
顔,名詞,一般,*,*,*,*,顔,カオ,カオ
だけ,助詞,副助詞,*,*,*,*,だけ,ダケ,ダケ
は,助詞,係助詞,*,*,*,*,は,ハ,ワ
、,記号,読点,*,*,*,*,、,、,、
東京,名詞,固有名詞,地域,一般,*,*,東京,トウキョウ,トーキョー
に,助詞,格助詞,一般,*,*,*,に,ニ,ニ
帰,名詞,サ変接続,*,*,*,*,帰,キ,キ
つて,名詞,一般,*,*,*,*,つて,ツテ,ツテ
も,助詞,係助詞,*,*,*,*,も,モ,モ
、,記号,読点,*,*,*,*,、,、,、
お湯,名詞,一般,*,*,*,*,お湯,オユ,オユ
に,助詞,格助詞,一般,*,*,*,に,ニ,ニ
は,助詞,係助詞,*,*,*,*,は,ハ,ワ
ひつ,名詞,一般,*,*,*,*,ひつ,ヒツ,ヒツ
て,助詞,接続助詞,*,*,*,*,て,テ,テ
も,助詞,係助詞,*,*,*,*,も,モ,モ
、,記号,読点,*,*,*,*,、,、,、
もう,副詞,一般,*,*,*,*,もう,モウ,モー
もと,名詞,一般,*,*,*,*,もと,モト,モト
の,名詞,非自立,一般,*,*,*,の,ノ,ノ
と,助詞,並立助詞,*,*,*,*,と,ト,ト
ほり,名詞,一般,*,*,*,*,ほり,ホリ,ホリ
に,助詞,格助詞,一般,*,*,*,に,ニ,ニ
な,助詞,終助詞,*,*,*,*,な,ナ,ナ
ほり,動詞,自立,*,*,五段・ラ行,連用形,ほる,ホリ,ホリ
ませ,助動詞,*,*,*,特殊・マス,未然形,ます,マセ,マセ
ん,助動詞,*,*,*,不変化型,基本形,ん,ン,ン
でし,助動詞,*,*,*,特殊・デス,連用形,です,デシ,デシ
た,助動詞,*,*,*,特殊・タ,基本形,た,タ,タ
。,記号,句点,*,*,*,*,。,。,。
